1.240402984619140625e+01,-1.290653800964355469e+01
1.118697357177734375e+01,-1.110282325744628906e+01
5.069362163543701172e+00,7.423413753509521484e+00
1.215845203399658203e+01,-5.577890872955322266e+00
6.401544570922851562e+00,-6.419353485107421875e+00
1.010310935974121094e+01,-5.365099430084228516e+00
1.374326896667480469e+01,-4.840959012508392334e-01
1.586692523956298828e+01,-1.281239604949951172e+01
3.314169406890869141e+00,-8.966760635375976562e+00
2.853635787963867188e+00,-8.210931777954101562e+00
2.299603462219238281e+01,1.250889205932617188e+01
1.226545333862304688e+01,-7.656787395477294922e+00
8.122601509094238281e+00,-5.216163635253906250e+00
1.619354438781738281e+01,-1.190777111053466797e+01
1.336678409576416016e+01,-1.258491039276123047e+01
3.064694595336914062e+01,1.122149372100830078e+01
1.394049263000488281e+01,-7.689993858337402344e+00
4.122894287109375000e+00,-7.304872512817382812e+00
1.318243312835693359e+01,-7.077271461486816406e+00
1.806134414672851562e+01,-5.410262107849121094e+00
1.446522903442382812e+01,-1.287189865112304688e+01
1.558270454406738281e+01,-1.257029247283935547e+01
1.347403144836425781e+01,8.866483569145202637e-01
1.312308979034423828e+01,-8.531398773193359375e+00
4.971390247344970703e+00,-7.291879653930664062e+00
1.800554275512695312e+01,-6.289494037628173828e+00
8.235268592834472656e+00,-5.263272762298583984e+00
1.478982353210449219e+01,-1.039128303527832031e+01
1.561134052276611328e+01,-9.854816436767578125e+00
1.288846969604492188e+01,-1.087340927124023438e+01
-4.503873443603515625e+01,7.346442222595214844e+00
-1.082591915130615234e+01,1.732556724548339844e+01
-1.106131649017333984e+01,1.724674606323242188e+01
-9.041673660278320312e+00,7.321597576141357422e+00
-2.099918365478515625e+01,1.551479434967041016e+01
-1.767503356933593750e+01,9.280488967895507812e+00
1.386542797088623047e+01,1.266883754730224609e+01
1.277837467193603516e+01,-1.557349860668182373e-01
-1.636832046508789062e+01,1.896985816955566406e+01
-1.465112209320068359e+01,1.709063529968261719e+01
-1.375594043731689453e+01,1.149362659454345703e+01
-1.629494094848632812e+01,1.037755203247070312e+01
-9.487801551818847656e+00,6.835257053375244141e+00
1.324305057525634766e+01,1.164804172515869141e+01
-9.625013351440429688e+00,1.671982192993164062e+01
-1.682311820983886719e+01,1.932069587707519531e+01
2.256281852722167969e+01,-2.610253810882568359e+00
-1.904000091552734375e+01,1.559240627288818359e+01
-1.959982681274414062e+01,1.321510505676269531e+01
1.332933044433593750e+01,1.130107212066650391e+01
3.944737625122070312e+01,1.658663177490234375e+01
-4.482711791992187500e+00,2.226904106140136719e+01
-1.870788764953613281e+01,1.957290077209472656e+01
-1.915315055847167969e+01,1.821516799926757812e+01
-1.914861297607421875e+01,1.602911186218261719e+01
-2.085996627807617188e+01,1.537406539916992188e+01
-1.996371078491210938e+01,1.122628498077392578e+01
-2.063826179504394531e+01,1.014148521423339844e+01
-1.825581741333007812e+01,2.040970993041992188e+01
-1.681153106689453125e+01,1.892915153503417969e+01
-1.787049293518066406e+01,1.773849105834960938e+01
-2.338868522644042969e+01,-1.738896560668945312e+01
2.699541282653808594e+01,-9.772211074829101562e+00
1.840585327148437500e+01,8.614109992980957031e+00
2.826526641845703125e+01,-1.111294174194335938e+01
-1.488517475128173828e+01,2.504575967788696289e+00
3.040023422241210938e+01,-4.595321178436279297e+00
1.570379257202148438e+01,6.804215431213378906e+00
2.382835769653320312e+01,-1.131340146064758301e+00
2.762590980529785156e+01,-1.121837615966796875e+01
-2.500620079040527344e+01,1.694191741943359375e+01
-2.757590484619140625e+01,1.728640747070312500e+01
-2.486644744873046875e+01,1.358039855957031250e+01
9.855339050292968750e+00,1.018923759460449219e+01
-2.670520973205566406e+01,1.174083137512207031e+01
-9.952537536621093750e+00,2.224688720703125000e+01
2.676469612121582031e+01,-8.911425590515136719e+00
-2.499113655090332031e+01,1.693729209899902344e+01
2.825396728515625000e+01,-9.812870979309082031e+00
-2.566612625122070312e+01,1.414155769348144531e+01
2.472709083557128906e+01,-1.791095161437988281e+01
9.219675064086914062e+00,9.110276222229003906e+00
-2.048093032836914062e+01,-1.058236980438232422e+01
2.991728401184082031e+01,-1.349893474578857422e+01
-2.558045768737792969e+01,1.795128822326660156e+01
9.007410049438476562e+00,1.474888229370117188e+01
-5.982656955718994141e+00,-1.685681700706481934e+00
3.404722213745117188e+01,-5.422949790954589844e-01
-1.068438911437988281e+01,-4.045767784118652344e-01
1.243258833885192871e+00,1.182425975799560547e+01
1.946965026855468750e+01,6.611948490142822266e+00
-2.776420783996582031e+01,-1.567390918731689453e+01
-5.489833831787109375e+00,1.109486579895019531e+01
-1.054596424102783203e+01,1.321114349365234375e+01
-5.198999404907226562e+00,5.735945224761962891e+00
-2.014719390869140625e+01,-1.972608184814453125e+01
-2.080053901672363281e+01,1.131363201141357422e+01
-1.803246498107910156e+01,7.120849132537841797e+00
-9.238243103027343750e+00,1.566108798980712891e+01
-4.786093902587890625e+01,1.215969276428222656e+01
-4.587501525878906250e+01,1.149651432037353516e+01
1.073567485809326172e+01,5.459736347198486328e+00
-1.370264053344726562e+01,8.788424491882324219e+00
-2.102541160583496094e+01,1.155929470062255859e+01
-3.591903305053710938e+01,7.902591705322265625e+00
-5.016733551025390625e+01,1.272410583496093750e+01
-4.851375579833984375e+01,1.203789806365966797e+01
-4.642724609375000000e+01,1.142884349822998047e+01
-7.241869926452636719e+00,7.347677230834960938e+00
-1.489876747131347656e+01,8.544731140136718750e+00
-1.902451705932617188e+01,-2.677032279968261719e+01
-2.432544326782226562e+01,-2.370862197875976562e+01
-4.959268188476562500e+01,1.310689353942871094e+01
-1.334949302673339844e+01,1.758776473999023438e+01
-1.989756202697753906e+01,1.852716445922851562e+01
-2.012214469909667969e+01,1.676894378662109375e+01
-3.947226715087890625e+01,1.010231304168701172e+01
-3.723230361938476562e+01,8.603281021118164062e+00
-3.591903305053710938e+01,7.902591705322265625e+00
-5.016733551025390625e+01,1.272410583496093750e+01
-4.851375579833984375e+01,1.203789806365966797e+01
-4.637406921386718750e+01,1.192442512512207031e+01
-2.907270622253417969e+01,-1.638539695739746094e+01
-2.565522193908691406e+01,-1.193140029907226562e+01
-2.630501174926757812e+01,-1.267517948150634766e+01
-2.637012672424316406e+01,1.615794944763183594e+01
-2.544649505615234375e+01,-1.508460712432861328e+01
-3.534338378906250000e+01,1.218306350708007812e+01
-3.419517517089843750e+01,1.149601078033447266e+01
-4.914664459228515625e+01,1.729291152954101562e+01
-4.703567886352539062e+01,1.697539710998535156e+01
-4.466614913940429688e+01,1.645267677307128906e+01
-4.069154357910156250e+01,1.506414508819580078e+01
-3.769917678833007812e+01,1.350858497619628906e+01
-2.571876144409179688e+01,1.262751197814941406e+01
-2.851712989807128906e+01,1.198884868621826172e+01
-5.015983200073242188e+01,1.735065460205078125e+01
-6.134978771209716797e+00,1.949108505249023438e+01
-4.388234710693359375e+01,1.624032020568847656e+01
-2.656801223754882812e+01,1.577173423767089844e+01
-3.809367370605468750e+01,1.390318870544433594e+01
-3.585521316528320312e+01,1.250326061248779297e+01
-2.789331245422363281e+01,1.167172813415527344e+01
-9.891551017761230469e+00,2.282543754577636719e+01
-4.707395172119140625e+01,1.828535270690917969e+01
-2.606553268432617188e+01,1.746916580200195312e+01
-4.069154357910156250e+01,1.506414508819580078e+01
-2.715585327148437500e+01,1.477166080474853516e+01
-2.880577659606933594e+01,1.304313182830810547e+01
-3.365237426757812500e+01,1.131505203247070312e+01
-4.921674346923828125e+01,1.671880722045898438e+01
-4.765976715087890625e+01,1.698524093627929688e+01
-4.388234710693359375e+01,1.624032020568847656e+01
-2.891632843017578125e+01,-1.496978378295898438e+01
1.436634731292724609e+01,5.103147625923156738e-01
3.695400238037109375e+00,1.081416487693786621e+00
2.230295419692993164e+00,6.484557986259460449e-01
1.484579682350158691e+00,1.925960481166839600e-01
1.607643127441406250e+01,9.237902641296386719e+00
1.836864662170410156e+01,-1.837647247314453125e+01
4.863862514495849609e+00,5.945813655853271484e-01
4.574818134307861328e+00,1.771080136299133301e+00
3.016326904296875000e+01,-5.812675952911376953e+00
3.173905563354492188e+01,5.452874898910522461e-01
2.841669464111328125e+01,9.541829109191894531e+00
-1.391930484771728516e+01,6.206642627716064453e+00
1.758061027526855469e+01,4.881246566772460938e+00
5.674360275268554688e+00,2.462066173553466797e+00
1.579036140441894531e+01,4.856727123260498047e-01
1.207181167602539062e+01,3.568149328231811523e+00
1.191289997100830078e+01,4.454381465911865234e+00
1.405287170410156250e+01,3.526194572448730469e+00
4.693547725677490234e+00,-2.445300292968750000e+01
1.453159141540527344e+01,7.847586154937744141e+00
5.722162246704101562e+00,2.626207113265991211e+00
2.817685317993164062e+01,1.112075901031494141e+01
1.648929214477539062e+01,9.833437204360961914e-01
1.667772483825683594e+01,1.954227805137634277e+00
1.366718101501464844e+01,4.848762512207031250e+00
1.742074775695800781e+01,1.438310241699218750e+01
-2.199100303649902344e+01,1.056192588806152344e+01
2.554825210571289062e+01,-9.314085960388183594e+00
1.618562316894531250e+01,3.187180757522583008e-01
1.721046257019042969e+01,1.610762476921081543e+00
9.789117813110351562e+00,-8.943605422973632812e+00
-1.973103141784667969e+01,-1.437424468994140625e+01
-1.691875648498535156e+01,-1.494103050231933594e+01
-2.181325721740722656e+01,-1.854132843017578125e+01
-2.193474197387695312e+01,-1.976883125305175781e+01
-2.247845268249511719e+01,-2.159226417541503906e+01
-2.600756454467773438e+01,-2.132629013061523438e+01
-1.574002933502197266e+01,2.117158508300781250e+01
-2.112543296813964844e+01,-1.455620193481445312e+01
-1.163555526733398438e+01,-1.510072326660156250e+01
-2.241972923278808594e+01,-1.791628646850585938e+01
-2.239166641235351562e+01,-1.951474952697753906e+01
-1.577547192573547363e+00,-2.304562759399414062e+01
-2.206194305419921875e+01,-2.299212074279785156e+01
-1.395808982849121094e+01,-1.090596485137939453e+01
-6.539634704589843750e+00,1.227461624145507812e+01
-1.238628005981445312e+01,-1.510294246673583984e+01
-1.170716094970703125e+01,-1.622520065307617188e+01
-9.694947242736816406e+00,-1.770895767211914062e+01
-1.863505935668945312e+01,-2.396677207946777344e+01
-2.148198890686035156e+01,-2.293696022033691406e+01
-1.184386920928955078e+01,-1.204874801635742188e+01
-6.304014682769775391e+00,1.210813617706298828e+01
-1.134441089630126953e+01,-1.509684753417968750e+01
-8.949519395828247070e-01,-2.247073554992675781e+01
-9.467833518981933594e+00,-1.781736564636230469e+01
-1.883213043212890625e+01,-2.346829223632812500e+01
-1.894308853149414062e+01,-2.458733558654785156e+01
1.247146010398864746e+00,-1.942679786682128906e+01
-2.930266189575195312e+01,-1.450613117218017578e+01
-1.070895099639892578e+01,-1.563138580322265625e+01
-9.628624916076660156e+00,-1.684239387512207031e+01
-5.145916342735290527e-01,6.741075515747070312e+00
-5.245232105255126953e+00,8.717077255249023438e+00
-1.496592330932617188e+01,1.137169075012207031e+01
-1.326339340209960938e+01,8.523753166198730469e+00
-1.710111427307128906e+01,8.593810081481933594e+00
-1.467844009399414062e+01,5.512203693389892578e+00
-7.460694789886474609e+00,1.458018016815185547e+01
-8.388570785522460938e+00,1.501755237579345703e+01
-7.422394275665283203e+00,1.021758174896240234e+01
-1.851905250549316406e+01,1.530441856384277344e+01
-1.279037857055664062e+01,8.131988525390625000e+00
-1.577419567108154297e+01,7.868382453918457031e+00
-1.801589012145996094e+01,7.717621326446533203e+00
-1.539658546447753906e+01,1.997511863708496094e+01
-1.575524044036865234e+01,1.878561210632324219e+01
-1.999142646789550781e+01,1.856782722473144531e+01
-2.082764625549316406e+01,1.721657943725585938e+01
-2.167992210388183594e+01,1.586949443817138672e+01
-1.636631393432617188e+01,8.186680793762207031e+00
-3.409944534301757812e+01,7.488210678100585938e+00
-1.566148853302001953e+01,2.008694648742675781e+01
-8.311382293701171875e+00,1.624978446960449219e+01
-2.051772689819335938e+01,1.880811500549316406e+01
-1.265125560760498047e+01,1.117976570129394531e+01
-1.559079933166503906e+01,9.586279869079589844e+00
-8.431433677673339844e+00,4.105784416198730469e+00
-1.703123474121093750e+01,6.237101078033447266e+00
-1.618843650817871094e+01,2.016803932189941406e+01
-7.245677471160888672e+00,1.255846405029296875e+01
-7.455615043640136719e+00,1.105056190490722656e+01
-2.309368515014648438e+01,-1.754746055603027344e+01
1.075230407714843750e+01,1.971336364746093750e+00
2.026478576660156250e+01,-8.438402175903320312e+00
2.191994094848632812e+01,-7.918676376342773438e+00
8.382448196411132812e+00,-1.152789783477783203e+01
3.183661079406738281e+01,-6.510858058929443359e+00
-1.836034965515136719e+01,-2.534307479858398438e+01
1.052717304229736328e+01,-1.442563724517822266e+01
-1.105671310424804688e+01,-1.272772312164306641e+01
2.381819152832031250e+01,-8.759881019592285156e+00
2.005598449707031250e+01,-7.602504730224609375e+00
2.059380149841308594e+01,-5.119216442108154297e+00
1.839423561096191406e+01,-1.752649688720703125e+01
-5.157209873199462891e+00,-2.162901115417480469e+01
1.026656913757324219e+01,-1.410296344757080078e+01
-1.407273674011230469e+01,-1.187517738342285156e+01
5.069541454315185547e+00,-9.266633033752441406e+00
-1.462246608734130859e+01,-1.707549476623535156e+01
-3.148317527770996094e+01,-2.037173080444335938e+01
9.849905014038085938e+00,3.973134994506835938e+00
-4.167913913726806641e+00,7.596667289733886719e+00
-6.594031333923339844e+00,6.842399597167968750e+00
-5.324430942535400391e+00,4.013339996337890625e+00
-2.442699909210205078e+00,9.533970952033996582e-01
-2.113696098327636719e+01,9.944220542907714844e+00
-2.342203140258789062e+00,1.104549884796142578e+01
-3.691619873046875000e+00,9.030585289001464844e+00
-2.016313076019287109e+00,6.044294357299804688e+00
-4.129564285278320312e+00,5.719777584075927734e+00
-4.056794166564941406e+00,2.313488483428955078e+00
-3.253080368041992188e+00,1.367121577262878418e+00
1.810904884338378906e+01,1.402567386627197266e+01
-3.078951120376586914e+00,1.037724018096923828e+01
-2.267456293106079102e+00,9.360842704772949219e+00
-1.271049976348876953e+01,1.536683464050292969e+01
4.937616825103759766e+00,7.722653388977050781e+00
1.368552589416503906e+01,1.102268600463867188e+01
1.237465381622314453e+01,8.925826072692871094e+00
1.275359916687011719e+01,1.063512039184570312e+01
-2.359492778778076172e+00,1.047786903381347656e+01
-3.202496528625488281e+00,9.362039566040039062e+00
-3.430078983306884766e+00,7.119851112365722656e+00
1.124308109283447266e+01,5.333925724029541016e+00
-6.724354267120361328e+00,5.008990764617919922e+00
-3.147639846801757812e+01,1.944766044616699219e+01
-2.642534494400024414e+00,8.037189245223999023e-01
-2.992320060729980469e+00,1.079624843597412109e+01
-2.679756164550781250e+00,8.306942939758300781e+00
-6.907405376434326172e+00,1.081808376312255859e+01
-1.293340873718261719e+01,-1.615219879150390625e+01
-9.023581504821777344e+00,1.330278873443603516e+01
-2.085884571075439453e+00,5.833662509918212891e+00
1.069483089447021484e+01,4.895561218261718750e+00
-7.428923606872558594e+00,5.284425735473632812e+00
-7.817787647247314453e+00,4.053016185760498047e+00
-1.006282806396484375e+01,3.702871084213256836e+00
-2.344954162836074829e-01,1.062051582336425781e+01
-3.856238365173339844e+00,9.438622474670410156e+00
-1.079237461090087891e+01,1.420388317108154297e+01
-2.983434200286865234e+00,5.360508918762207031e+00
-1.598324012756347656e+01,9.891091346740722656e+00
-9.897176742553710938e+00,4.351767539978027344e+00
-1.118935394287109375e+01,4.570408821105957031e+00
-4.114218235015869141e+00,1.115655040740966797e+01
-3.082984685897827148e-01,9.351465225219726562e+00
9.906120300292968750e+00,2.111843824386596680e+00
-6.294451236724853516e+00,7.930162906646728516e+00
-5.432424545288085938e+00,4.219692230224609375e+00
-1.207173728942871094e+01,5.264827251434326172e+00
-2.234914207458496094e+01,-2.250761413574218750e+01
1.546546077728271484e+01,-8.788053512573242188e+00
1.942135620117187500e+01,-8.802652359008789062e+00
9.239810943603515625e+00,-8.802338600158691406e+00
1.979534339904785156e+01,-6.004805564880371094e+00
3.087208366394042969e+01,-1.759671401977539062e+01
1.901778411865234375e+01,-5.520632266998291016e+00
3.283457946777343750e+01,-1.618562507629394531e+01
2.007103538513183594e+01,-1.072270584106445312e+01
3.215335464477539062e+01,-1.659551239013671875e+01
-1.395202064514160156e+01,-1.605805969238281250e+01
1.068877315521240234e+01,-6.187912464141845703e+00
3.161204910278320312e+01,-1.768131446838378906e+01
3.032029914855957031e+01,-1.727329063415527344e+01
2.443634414672851562e+01,9.789731025695800781e+00
3.246892929077148438e+01,-1.641857528686523438e+01
-1.385786628723144531e+01,-1.471412944793701172e+01
-1.499920177459716797e+01,-1.472933959960937500e+01
1.398157978057861328e+01,-6.228898048400878906e+00
1.748779296875000000e+01,-6.810329437255859375e+00
1.720498657226562500e+01,-5.769700050354003906e+00
3.208294296264648438e+01,-1.473031425476074219e+01
1.856689453125000000e+01,-1.248372268676757812e+01
3.141773796081542969e+01,-1.608493232727050781e+01
3.157262420654296875e+01,-1.692840385437011719e+01
1.831694984436035156e+01,-7.202098846435546875e+00
3.157026481628417969e+01,-1.771384811401367188e+01
3.044408798217773438e+01,-1.666319656372070312e+01
3.151744079589843750e+01,-1.491255187988281250e+01
3.203913879394531250e+01,-1.563491535186767578e+01
-3.156163787841796875e+01,-1.953203201293945312e+01
1.869942545890808105e+00,-1.481649875640869141e+01
-4.442401885986328125e+01,1.549962615966796875e+01
-4.065450668334960938e+01,1.430107021331787109e+01
-3.019074249267578125e+01,1.655438995361328125e+01
-3.033844566345214844e+01,1.648111915588378906e+01
-3.387575531005859375e+01,1.016662025451660156e+01
-5.002442550659179688e+01,1.635590553283691406e+01
-4.750784683227539062e+01,1.617694091796875000e+01
-4.490279769897460938e+01,1.565296363830566406e+01
-4.170641326904296875e+01,1.463464736938476562e+01
-3.880626296997070312e+01,1.314232444763183594e+01
-3.609244155883789062e+01,1.172227573394775391e+01
-3.455154418945312500e+01,1.067574882507324219e+01
-4.930181121826171875e+01,1.613042831420898438e+01
-4.750784683227539062e+01,1.617694091796875000e+01
-4.386645507812500000e+01,1.529992771148681641e+01
-4.170641326904296875e+01,1.463464736938476562e+01
-3.880626296997070312e+01,1.314232444763183594e+01
-3.609244155883789062e+01,1.172227573394775391e+01
-3.455154418945312500e+01,1.067574882507324219e+01
-4.964951324462890625e+01,1.820897483825683594e+01
-9.568919181823730469e+00,-7.331033706665039062e+00
1.030159378051757812e+01,-1.854654502868652344e+01
2.913350486755371094e+01,-2.909793376922607422e+00
-1.468812847137451172e+01,-2.091421890258789062e+01
-1.406198596954345703e+01,2.133498668670654297e+00
-7.162404537200927734e+00,-1.637583923339843750e+01
-7.039272785186767578e+00,2.020458984375000000e+01
-3.721172332763671875e+00,-1.134919643402099609e+01
-2.428454208374023438e+01,1.677817153930664062e+01
-2.876057624816894531e+01,-1.591971969604492188e+01
-7.993437767028808594e+00,1.868900299072265625e+01
-7.867248058319091797e+00,1.840036582946777344e+01
-4.225289535522460938e+01,1.355229187011718750e+01
-2.407802963256835938e+01,-1.826459884643554688e+01
-1.247579002380371094e+01,2.690130805969238281e+01
1.202305030822753906e+01,1.552141571044921875e+01
-2.046396970748901367e+00,-1.879631233215332031e+01
-1.429512023925781250e+01,-1.836319351196289062e+01
-1.821537399291992188e+01,-2.268358230590820312e+01
-3.505903625488281250e+01,8.003167152404785156e+00
-2.445187950134277344e+01,-1.060529422760009766e+01
8.920363783836364746e-01,-1.794386863708496094e+01
8.601506233215332031e+00,-1.339110755920410156e+01
-2.257005119323730469e+01,1.857360649108886719e+01
-1.909195327758789062e+01,-2.091510772705078125e+01
-1.787682723999023438e+01,-2.451789283752441406e+01
-2.043426704406738281e+01,-2.368227386474609375e+01
1.574892163276672363e+00,-1.871159362792968750e+01
9.757399559020996094e+00,-1.347572803497314453e+01
2.282811164855957031e+01,-9.958368301391601562e+00
-1.818404674530029297e+00,-1.869871902465820312e+01
7.269291877746582031e+00,-1.187189102172851562e+01
2.028064727783203125e+01,-5.477426052093505859e+00
-2.513630867004394531e+01,-2.195583915710449219e+01
1.561640620231628418e+00,-1.834917259216308594e+01
9.537251472473144531e+00,-1.368773841857910156e+01
1.158862018585205078e+01,3.736288070678710938e+00
1.756210136413574219e+01,-2.176568210124969482e-01
-3.885311841964721680e+00,-1.867358779907226562e+01
7.098025798797607422e+00,-1.182064819335937500e+01
-2.153723716735839844e+01,-2.396359825134277344e+01
3.081314325332641602e+00,-1.829940795898437500e+01
1.148242115974426270e+00,-1.812949562072753906e+01
8.557032585144042969e+00,-1.339041614532470703e+01
-3.136395835876464844e+01,-1.993567848205566406e+01
-1.150621032714843750e+01,2.776233482360839844e+01
1.942361259460449219e+01,6.714509487152099609e+00
9.758872032165527344e+00,-1.702784538269042969e+01
2.973198890686035156e-01,-1.334447097778320312e+01
-5.975178718566894531e+00,-1.578972339630126953e+01
-1.271636009216308594e+01,-2.211318969726562500e+01
5.761163711547851562e+00,1.113671660423278809e+00
7.978066921234130859e+00,-1.846101379394531250e+01
2.512229347229003906e+01,-1.171250152587890625e+01
1.040767073631286621e+00,-1.296441936492919922e+01
3.360458374023437500e+01,6.506672501564025879e-01
3.489293289184570312e+01,1.648972034454345703e+00
1.362398910522460938e+01,-1.870915031433105469e+01
7.065280914306640625e+00,-2.167764854431152344e+01
8.067680358886718750e+00,-1.750005531311035156e+01
2.592996978759765625e+01,-1.228879451751708984e+01
1.002106428146362305e+00,-1.202513885498046875e+01
1.423368263244628906e+01,5.107644557952880859e+00
2.376956176757812500e+01,-1.622411346435546875e+01
1.357576274871826172e+01,-1.876169204711914062e+01
5.921485900878906250e+00,1.140990257263183594e+00
6.970622062683105469e+00,-2.179125213623046875e+01
9.542046546936035156e+00,-1.997607994079589844e+01
2.558624076843261719e+01,-1.094803047180175781e+01
2.946892356872558594e+01,-5.108804225921630859e+00
3.860114288330078125e+01,1.454011535644531250e+01
3.725830459594726562e+01,1.439353179931640625e+01
7.036386013031005859e+00,-1.995940971374511719e+01
7.786735534667968750e+00,-1.841039848327636719e+01
8.223152160644531250e+00,-1.910895156860351562e+01
-2.134037017822265625e+01,-1.735676002502441406e+01
-2.092905998229980469e+01,-1.198390197753906250e+01
-2.137260627746582031e+01,-1.282417106628417969e+01
-1.666410446166992188e+01,-1.767847061157226562e+01
-5.817337512969970703e+00,-1.883526992797851562e+01
-1.699337577819824219e+01,-2.228022956848144531e+01
-2.264354705810546875e+01,1.062387847900390625e+01
-8.622154235839843750e+00,2.219818115234375000e+01
-2.389193916320800781e+01,-1.183953762054443359e+01
-2.379543495178222656e+01,-1.304452323913574219e+01
-1.697301101684570312e+01,-1.772532081604003906e+01
-5.998858451843261719e+00,-1.885931205749511719e+01
-1.638450241088867188e+01,6.964522838592529297e+00
-1.601470565795898438e+01,5.603341579437255859e+00
-2.172861480712890625e+01,-1.085713100433349609e+01
-6.195921421051025391e+00,-8.016018867492675781e+00
-6.263423919677734375e+00,-8.078534126281738281e+00
-1.639486503601074219e+01,-1.788039588928222656e+01
-1.487356662750244141e+01,7.701600074768066406e+00
-1.021338081359863281e+01,-2.051989746093750000e+01
-1.203120899200439453e+01,-2.191873741149902344e+01
-5.589403152465820312e+00,-7.790987491607666016e+00
-5.442633152008056641e+00,-8.070291519165039062e+00
-2.175456428527832031e+01,-1.275159168243408203e+01
-1.806683731079101562e+01,-1.771710777282714844e+01
-1.593869686126708984e+01,-1.904077339172363281e+01
-2.553715324401855469e+01,-1.836331558227539062e+01
-7.012985706329345703e+00,-2.074044609069824219e+01
-1.285471725463867188e+01,-1.110557937622070312e+01
-1.851703453063964844e+01,-1.172968482971191406e+01
1.184988784790039062e+01,-9.690794944763183594e+00
-2.912172508239746094e+01,-2.008478164672851562e+01
-8.342204093933105469e+00,1.273664283752441406e+01
-1.357352733612060547e+01,1.978356933593750000e+01
-8.833291053771972656e+00,9.642778396606445312e+00
1.164717292785644531e+01,8.098324775695800781e+00
1.252509975433349609e+01,8.203498840332031250e+00
1.298295879364013672e+01,7.821072578430175781e+00
9.649933815002441406e+00,3.164302349090576172e+00
-8.870832443237304688e+00,1.457127571105957031e+01
-1.125957870483398438e+01,1.335995578765869141e+01
5.392456054687500000e+00,-2.326323890686035156e+01
2.050427436828613281e+01,-2.379810571670532227e+00
-9.353517532348632812e+00,4.133230209350585938e+00
-6.940630912780761719e+00,2.280560731887817383e+00
-1.241039633750915527e+00,1.023700809478759766e+01
2.419903755187988281e+01,-8.093249320983886719e+00
1.018415069580078125e+01,2.083042621612548828e+00
-3.839549779891967773e+00,5.058770179748535156e+00
2.143826484680175781e+01,-2.970599412918090820e+00
2.010726928710937500e+01,-2.024296045303344727e+00
-1.989337348937988281e+01,8.964129447937011719e+00
-3.533270835876464844e+00,1.033004379272460938e+01
-9.873363494873046875e+00,1.499939632415771484e+01
-1.040725994110107422e+01,1.315262603759765625e+01
-2.605901956558227539e+00,4.823299884796142578e+00
-1.762929534912109375e+01,1.090716743469238281e+01
1.382710075378417969e+01,9.685587882995605469e+00
1.658004570007324219e+01,1.154856967926025391e+01
2.447026252746582031e+01,-9.184225082397460938e+00
-3.451394319534301758e+00,2.212513160705566406e+01
2.393920135498046875e+01,-7.749826908111572266e+00
-1.386783599853515625e+01,-1.621014022827148438e+01
-1.472767949104309082e+00,-1.314635467529296875e+01
-1.126846432685852051e+00,-1.286616611480712891e+01
-4.987101554870605469e-01,-1.292863273620605469e+01
-9.254287719726562500e+00,-1.764640450477600098e+00
1.280593013763427734e+01,-2.008090400695800781e+01
2.484763145446777344e+01,-1.668281936645507812e+01
2.330121421813964844e+01,1.572166442871093750e+00
-3.470902204513549805e+00,-1.058488750457763672e+01
8.784371376037597656e+00,-1.743861198425292969e+01
2.455683517456054688e+01,-5.694852828979492188e+00
-2.765064239501953125e+01,1.479840278625488281e+01
2.463347816467285156e+01,-1.753081130981445312e+01
2.823828697204589844e+01,-1.655100250244140625e+01
6.836511135101318359e+00,-1.831136322021484375e+01
-2.910601139068603516e+00,-1.162536907196044922e+01
7.353017807006835938e+00,-1.638673782348632812e+01
4.099781811237335205e-01,-1.202451324462890625e+01
1.210045528411865234e+01,-1.907062721252441406e+01
2.367528343200683594e+01,-1.519614219665527344e+01
-3.355937576293945312e+01,1.062717151641845703e+01
2.637835311889648438e+01,-7.657768249511718750e+00
6.721774339675903320e-01,-1.475784111022949219e+01
7.574144840240478516e+00,-1.714215660095214844e+01
1.621037721633911133e-01,-1.225525093078613281e+01
6.837476253509521484e+00,-1.552758598327636719e+01
2.394242095947265625e+01,-1.784477233886718750e+01
2.942496490478515625e+01,-1.604644775390625000e+01
6.663200855255126953e+00,-1.818277168273925781e+01
2.452085113525390625e+01,-1.257474899291992188e+01
2.523240470886230469e+01,-1.153369045257568359e+01
-2.926823616027832031e+01,-2.083067703247070312e+01
1.156202125549316406e+01,-1.256848049163818359e+01
-1.722007751464843750e+01,-1.529112815856933594e+01
1.875523757934570312e+01,-1.433995532989501953e+01
1.901790046691894531e+01,-1.457038879394531250e+01
-1.679926872253417969e+01,-2.524289703369140625e+01
-2.592784690856933594e+01,-2.157593727111816406e+01
-1.958350563049316406e+01,-1.321268844604492188e+01
1.750948143005371094e+01,-1.319314861297607422e+01
-2.103418922424316406e+01,-1.566423606872558594e+01
1.867690277099609375e+01,-8.154259681701660156e+00
9.154992103576660156e+00,-1.045874786376953125e+01
-1.771218299865722656e+01,-2.559701919555664062e+01
-2.436536216735839844e+01,-2.333898735046386719e+01
1.466315746307373047e+01,-1.023153877258300781e+01
1.388549137115478516e+01,-1.064716625213623047e+01
1.077281951904296875e+01,-1.126585865020751953e+01
1.445176219940185547e+01,-7.433440208435058594e+00
1.188382148742675781e+01,-8.033654212951660156e+00
-2.526597404479980469e+01,-2.361103630065917969e+01
-1.862916755676269531e+01,-2.576886558532714844e+01
3.947235345840454102e+00,-1.081477737426757812e+01
1.309235382080078125e+01,-1.232942295074462891e+01
-1.750440979003906250e+01,-1.511316299438476562e+01
1.914853286743164062e+01,-1.345191287994384766e+01
1.009798526763916016e+01,-7.265465736389160156e+00
-2.503360748291015625e+01,-2.118969154357910156e+01
-1.918785095214843750e+01,-2.537262344360351562e+01
1.444047451019287109e+01,-1.138126373291015625e+01
1.798768043518066406e+01,-1.360242557525634766e+01
-1.794027900695800781e+01,-1.527333164215087891e+01
-3.008230972290039062e+01,-2.071036148071289062e+01
2.854319190979003906e+01,5.234292030334472656e+00
-5.979896545410156250e+00,-1.056276035308837891e+01
2.984466171264648438e+01,3.933620691299438477e+00
3.212804031372070312e+01,2.082360744476318359e+00
3.702451705932617188e+01,6.755897045135498047e+00
3.666622924804687500e+01,6.380850315093994141e+00
3.053414916992187500e+01,4.945707798004150391e+00
3.092103576660156250e+01,5.751843452453613281e+00
2.841376876831054688e+01,5.184935569763183594e+00
3.197217559814453125e+01,1.983074307441711426e+00
3.021929359436035156e+01,1.489996671676635742e+00
-5.344485759735107422e+00,-1.518963813781738281e+01
3.741557693481445312e+01,6.938150405883789062e+00
2.529903984069824219e+01,3.239136219024658203e+00
2.499902534484863281e+01,3.355844497680664062e+00
2.737725448608398438e+01,5.114105224609375000e+00
3.082654762268066406e+01,2.532021522521972656e+00
3.033831977844238281e+01,2.604742288589477539e+00
3.675457763671875000e+01,6.345541477203369141e+00
3.728924942016601562e+01,6.273891448974609375e+00
-3.106086254119873047e+00,-9.114693641662597656e+00
2.954796791076660156e+01,6.107564926147460938e+00
-6.253579139709472656e+00,-9.706577301025390625e+00
1.886062622070312500e+01,9.470699310302734375e+00
-3.032152557373046875e+01,1.769165992736816406e+01
-3.677443313598632812e+01,1.098361396789550781e+01
-3.493386840820312500e+01,9.914165496826171875e+00
-9.801540374755859375e+00,2.345179939270019531e+01
3.047775077819824219e+01,3.943422555923461914e+00
-2.928259658813476562e+01,-2.236766242980957031e+01
-4.785647201538085938e+01,1.303153514862060547e+01
-4.567304992675781250e+01,1.227677631378173828e+01
-4.282289505004882812e+01,1.199040985107421875e+01
3.257042407989501953e+00,-2.391178894042968750e+01
2.340034484863281250e+00,-2.383494567871093750e+01
-7.025596141815185547e+00,-2.109368705749511719e+01
-1.341940879821777344e+01,-1.101569461822509766e+01
-1.281140595674514771e-01,-2.124018478393554688e+01
-9.386176466941833496e-01,-1.764837455749511719e+01
1.068617630004882812e+01,-2.200121688842773438e+01
-3.150082826614379883e+00,-2.114803695678710938e+01
-2.060821466147899628e-02,-2.329899215698242188e+01
-5.752748012542724609e+00,-2.127161026000976562e+01
-5.017573547363281250e+01,1.369047164916992188e+01
-8.334000110626220703e-01,7.197263240814208984e+00
-7.853569388389587402e-01,-2.120177268981933594e+01
-2.033586311340332031e+01,-1.751721382141113281e+01
-1.980842113494873047e+00,-2.179419708251953125e+01
-8.219630241394042969e+00,3.151661157608032227e+00
-4.265086174011230469e+00,-2.212377166748046875e+01
-7.407996177673339844e+00,1.527510833740234375e+01
-4.827542495727539062e+01,1.307770919799804688e+01
-1.620511245727539062e+01,1.746754264831542969e+01
-1.279986500740051270e+00,-2.158081245422363281e+01
-2.037004470825195312e+01,-1.886384391784667969e+01
-3.841999292373657227e+00,-2.140044975280761719e+01
-5.672913074493408203e+00,-2.181655120849609375e+01
-1.817316246032714844e+01,-1.339936733245849609e+01
-6.916411399841308594e+00,1.944021987915039062e+01
-2.310129404067993164e+00,1.426981544494628906e+01
-6.748707294464111328e+00,-1.133569121360778809e+00
-6.128323554992675781e+00,-1.057949423789978027e+00
-9.337736129760742188e+00,6.378482580184936523e-01
1.556295108795166016e+01,6.748396396636962891e+00
-1.031038999557495117e+00,1.546543216705322266e+01
-1.807086944580078125e+00,1.475345134735107422e+01
-2.835433959960937500e+00,1.559191894531250000e+01
-4.151454162597656250e+01,1.545035457611083984e+01
-9.062850952148437500e+00,-5.997877120971679688e-01
-3.461591720581054688e+01,1.386339092254638672e+01
-1.275327301025390625e+01,2.184672594070434570e+00
-4.476261138916015625e-01,1.525135898590087891e+01
-4.672256469726562500e+01,1.648418235778808594e+01
-3.276121616363525391e+00,1.629977416992187500e+01
-4.033394336700439453e+00,1.606723213195800781e+01
-3.864050292968750000e+01,1.396070003509521484e+01
-9.766943931579589844e+00,-1.875474154949188232e-01
3.048519134521484375e+01,-1.135813713073730469e+01
-1.035110473632812500e+00,1.552121448516845703e+01
-1.889001488685607910e+00,1.596445178985595703e+01
-3.379339933395385742e+00,1.633537483215332031e+01
-3.803807258605957031e+00,1.529915332794189453e+01
-9.049117088317871094e+00,-6.157406568527221680e-01
-1.359125518798828125e+01,2.744619131088256836e+00
-9.791282653808593750e+00,9.967755079269409180e-01
-1.278173255920410156e+01,-1.047510528564453125e+01
-4.563629150390625000e+01,7.697062969207763672e+00
-4.730606842041015625e+01,1.517863178253173828e+01
9.026983261108398438e+00,1.555099678039550781e+01
9.911154747009277344e+00,-1.610490918159484863e+00
-2.542547416687011719e+01,-1.516546249389648438e+01
-3.196947860717773438e+01,1.920368194580078125e+01
-3.340456771850585938e+01,1.776033782958984375e+01
2.358146667480468750e+01,7.551454901695251465e-01
-4.730606842041015625e+01,1.517863178253173828e+01
3.116433143615722656e+01,-1.515738487243652344e+00
-4.136737060546875000e+01,1.361159515380859375e+01
-3.811526489257812500e+01,1.260065460205078125e+01
-3.613405227661132812e+01,1.087556362152099609e+01
-3.332441329956054688e+01,1.792450523376464844e+01
-8.686985015869140625e+00,2.291606140136718750e+01
4.523838043212890625e+01,-9.243353843688964844e+00
-4.464739608764648438e+01,1.456673622131347656e+01
-4.052678298950195312e+01,1.646262931823730469e+01
-3.898223876953125000e+01,1.227245426177978516e+01
-2.772676277160644531e+01,1.288937664031982422e+01
-3.336087036132812500e+01,1.750018501281738281e+01
-4.971170425415039062e+01,1.552804374694824219e+01
-4.796537399291992188e+01,1.531041526794433594e+01
-4.464739608764648438e+01,1.456673622131347656e+01
-4.136737060546875000e+01,1.361159515380859375e+01
8.587718009948730469e+00,1.402878761291503906e+01
-2.599055480957031250e+01,-2.345389747619628906e+01
1.489096069335937500e+01,-9.418278694152832031e+00
-1.856973648071289062e+01,-2.020405387878417969e+01
-2.671366691589355469e+01,-1.536613941192626953e+01
-1.429090118408203125e+01,-1.793437385559082031e+01
6.581568717956542969e+00,-6.720537185668945312e+00
1.278661918640136719e+01,-1.719784545898437500e+01
2.123849296569824219e+01,-1.054441070556640625e+01
2.011998176574707031e+01,-9.292492866516113281e+00
6.153837203979492188e+00,-8.626357078552246094e+00
4.995943069458007812e+01,-1.064150047302246094e+01
1.970231246948242188e+01,-7.062139987945556641e+00
1.890769386291503906e+01,-1.662044334411621094e+01
-1.958332252502441406e+01,-2.363857460021972656e+01
4.895967483520507812e+01,-1.049502754211425781e+01
4.160348415374755859e+00,-9.713863372802734375e+00
2.199992942810058594e+01,-9.399980545043945312e+00
5.581655979156494141e+00,-8.326034545898437500e+00
-2.530288457870483398e+00,-1.888277626037597656e+01
1.046355056762695312e+01,-6.913466930389404297e+00
-1.740126991271972656e+01,-2.366843414306640625e+01
2.160163307189941406e+01,-1.109051322937011719e+01
2.109764289855957031e+01,-1.021134281158447266e+01
2.245116806030273438e+01,-9.679496765136718750e+00
8.922525405883789062e+00,-1.195760154724121094e+01
-1.230095767974853516e+01,-1.840929031372070312e+01
-1.062378978729248047e+01,-1.988678550720214844e+01
-1.991713905334472656e+01,-2.178026771545410156e+01
4.890163803100585938e+01,-1.024234390258789062e+01
1.802038764953613281e+01,-1.321718120574951172e+01
-1.554769992828369141e+01,-1.415112781524658203e+01
-2.978317451477050781e+01,-2.104139328002929688e+01
5.173765945434570312e+01,-9.327493667602539062e+00
5.078156661987304688e+01,-9.975520133972167969e+00
4.906600952148437500e+01,-8.938744544982910156e+00
-1.378413295745849609e+01,7.823948860168457031e+00
-1.593073368072509766e+01,7.079684257507324219e+00
-9.482143402099609375e+00,2.236518383026123047e+00
5.104474258422851562e+01,-1.121881961822509766e+01
5.103432083129882812e+01,-1.038732242584228516e+01
5.192041397094726562e+01,-1.054785728454589844e+01
2.818675041198730469e+01,-5.528384208679199219e+00
3.048131561279296875e+01,-4.831410884857177734e+00
1.154939937591552734e+01,9.276591300964355469e+00
-6.456399917602539062e+00,1.281867504119873047e+00
5.249021530151367188e+01,-1.015929794311523438e+01
6.139086723327636719e+00,-2.278133010864257812e+01
5.113568496704101562e+01,-9.543998718261718750e+00
5.610259532928466797e+00,-2.321693229675292969e+01
5.237032699584960938e+01,-1.116287326812744141e+01
-1.676232910156250000e+01,7.426256179809570312e+00
-1.440920543670654297e+01,4.771444320678710938e+00
4.904733276367187500e+01,-9.637220382690429688e+00
5.141697311401367188e+01,-1.081706809997558594e+01
-4.551277542114257812e+01,1.277461242675781250e+01
5.168813323974609375e+01,-9.987873077392578125e+00
1.667405128479003906e+01,3.238581418991088867e+00
-3.187900543212890625e+01,-2.051903533935546875e+01
2.622168540954589844e+01,9.879020690917968750e+00
-5.445371150970458984e+00,-1.005556392669677734e+01
-1.318985462188720703e+00,-8.674188613891601562e+00
1.110604953765869141e+01,-3.324126720428466797e+00
-3.685695266723632812e+01,9.628355026245117188e+00
-3.556235122680664062e+01,9.003210067749023438e+00
2.619218063354492188e+01,9.124550223350524902e-01
2.839064598083496094e+01,3.286420106887817383e-01
3.223453521728515625e+01,1.361074447631835938e+01
8.299347758293151855e-01,-1.023603439331054688e+01
2.957286834716796875e+01,1.474983543157577515e-01
-2.357822227478027344e+01,1.192421627044677734e+01
-2.174710083007812500e+01,-2.454827690124511719e+01
2.727977180480957031e+01,1.783710241317749023e+00
2.765890502929687500e+01,2.019984722137451172e+00
2.626214981079101562e+01,1.032434082031250000e+01
2.896368217468261719e+01,-1.734072804450988770e+00
1.081673622131347656e+01,1.093658638000488281e+01
1.537387657165527344e+01,-1.819333267211914062e+01
1.450971412658691406e+01,-1.834807014465332031e+01
2.694518661499023438e+01,2.219870805740356445e+00
2.725770759582519531e+01,1.522122979164123535e+00
2.612523078918457031e+01,1.021714591979980469e+01
1.760738563537597656e+01,8.967638969421386719e+00
3.070223617553710938e+01,1.187531828880310059e+00
2.358373641967773438e+01,-1.469171619415283203e+01
1.758475112915039062e+01,-4.642269134521484375e+00
2.754135894775390625e+01,-4.598089754581451416e-01
2.993247604370117188e+01,1.446894264221191406e+01
2.797569084167480469e+01,1.389355659484863281e+00
-2.910253906250000000e+01,-2.111007118225097656e+01
3.400100326538085938e+01,1.614284515380859375e+01
3.274988555908203125e+01,1.570223712921142578e+01
3.549283981323242188e+01,1.665251350402832031e+01
3.604940414428710938e+01,1.641654777526855469e+01
3.104001998901367188e+01,1.685135650634765625e+01
3.648080062866210938e+01,1.497495746612548828e+01
3.330009460449218750e+01,1.509862518310546875e+01
3.242019653320312500e+01,1.490941047668457031e+01
3.285236358642578125e+01,1.396578502655029297e+01
3.294562149047851562e+01,1.631365203857421875e+01
2.610307884216308594e+01,1.288463497161865234e+01
3.737169647216796875e+01,1.612758445739746094e+01
3.804940795898437500e+01,1.574494647979736328e+01
3.474771499633789062e+01,1.721567535400390625e+01
2.852882575988769531e+01,1.302607727050781250e+01
2.830667877197265625e+01,1.256143093109130859e+01
3.214054489135742188e+01,1.613816642761230469e+01
2.707425689697265625e+01,1.251329898834228516e+01
1.752997016906738281e+01,1.433350372314453125e+01
-3.187735176086425781e+01,1.007731819152832031e+01
-1.948011779785156250e+01,2.142237663269042969e+01
3.083615875244140625e+01,1.427481174468994141e+01
3.130320549011230469e+01,1.535307407379150391e+01
3.168437194824218750e+01,1.596953487396240234e+01
3.057532882690429688e+01,1.637105751037597656e+01
3.666680526733398438e+01,1.563201045989990234e+01
3.745052337646484375e+01,1.652124023437500000e+01
2.847636604309082031e+01,1.423377799987792969e+01
3.158499336242675781e+01,1.491800880432128906e+01
2.789151573181152344e+01,1.261010456085205078e+01
-2.558880805969238281e+01,-1.822847175598144531e+01
2.482506561279296875e+01,1.367752075195312500e+01
1.299055767059326172e+01,1.581395626068115234e+01
-3.196216773986816406e+01,2.078542137145996094e+01
-2.048801422119140625e+01,1.386184692382812500e+01
2.267586517333984375e+01,-4.116295814514160156e+00
1.974516868591308594e+01,1.395423889160156250e+01
-5.022394180297851562e+00,2.288960838317871094e+01
-1.371775817871093750e+01,1.789585494995117188e+01
-3.061089992523193359e+00,2.195578002929687500e+01
2.338749504089355469e+01,1.254824447631835938e+01
-2.043522453308105469e+01,1.341744995117187500e+01
1.472614955902099609e+01,9.312435150146484375e+00
1.989448165893554688e+01,1.407056331634521484e+01
2.356357574462890625e+01,-2.297648429870605469e+00
-1.334280872344970703e+01,2.049256134033203125e+01
2.496839141845703125e+01,1.349546337127685547e+01
-3.209761810302734375e+01,2.097892761230468750e+01
1.279116439819335938e+01,1.235668277740478516e+01
-4.447050476074218750e+01,7.050000667572021484e+00
4.644092178344726562e+01,-8.016194343566894531e+00
4.694033050537109375e+01,-5.135357379913330078e+00
4.698036575317382812e+01,-4.383306980133056641e+00
3.417522048950195312e+01,1.243090867996215820e+00
3.378591537475585938e+01,3.590330839157104492e+00
-1.480239486694335938e+01,-2.395569229125976562e+01
4.601964950561523438e+01,-4.851037025451660156e+00
4.650841140747070312e+01,-5.002912044525146484e+00
4.724507904052734375e+01,-7.069482803344726562e+00
4.674945068359375000e+01,-4.040872573852539062e+00
4.743735122680664062e+01,-4.827544212341308594e+00
1.043525695800781250e+01,-2.536184310913085938e+00
-1.406353187561035156e+01,-2.298029708862304688e+01
4.619451522827148438e+01,-5.315765857696533203e+00
3.342547607421875000e+01,1.284082508087158203e+01
-1.880711674690246582e+00,-1.179171180725097656e+01
-6.091103076934814453e+00,-1.096757316589355469e+01
-5.714030742645263672e+00,-1.349461174011230469e+01
-1.481834888458251953e+01,-2.305078315734863281e+01
3.389078521728515625e+01,3.679138898849487305e+00
4.673271560668945312e+01,-8.511845588684082031e+00
4.630906677246093750e+01,-7.508893966674804688e+00
-2.601678848266601562e+00,-1.016233158111572266e+01
4.759007263183593750e+01,-7.646826744079589844e+00
4.777329254150390625e+01,-7.390448570251464844e+00
-1.361183166503906250e+01,-2.158003234863281250e+01
-1.464933586120605469e+01,-2.369972419738769531e+01
4.610419845581054688e+01,-7.463281154632568359e+00
4.607990264892578125e+01,-8.348423957824707031e+00
4.680908203125000000e+01,-7.344593524932861328e+00
-1.947845458984375000e+01,-1.854051017761230469e+01
-6.804568290710449219e+00,1.874505424499511719e+01
8.994916915893554688e+00,1.250674819946289062e+01
-2.519519996643066406e+01,1.573605251312255859e+01
-2.705879592895507812e+01,1.391646289825439453e+01
-3.012486457824707031e+01,1.276423549652099609e+01
-3.074305152893066406e+01,1.212404727935791016e+01
-6.150478839874267578e+00,2.355171012878417969e+01
-7.674798488616943359e+00,2.025190925598144531e+01
8.996439933776855469e+00,1.246012496948242188e+01
1.825712203979492188e+01,8.784341812133789062e+00
2.885253715515136719e+01,-9.742381095886230469e+00
2.933522415161132812e+01,-9.305307388305664062e+00
2.971347999572753906e+01,-9.293369293212890625e+00
-9.238349914550781250e+00,2.233306503295898438e+01
2.990557289123535156e+01,-1.341365623474121094e+01
2.929905509948730469e+01,1.343066120147705078e+01
9.506790161132812500e+00,1.157649993896484375e+01
3.101889801025390625e+01,-5.840884685516357422e+00
1.452543544769287109e+01,3.881137371063232422e+00
-2.618251991271972656e+01,1.104652309417724609e+01
-1.177492046356201172e+01,2.744200897216796875e+01
-1.128879261016845703e+01,2.800118255615234375e+01
-2.668218803405761719e+01,1.956030082702636719e+01
-1.099912643432617188e+01,2.836739730834960938e+01
9.664099693298339844e+00,1.097059249877929688e+01
-1.067416000366210938e+01,6.094557642936706543e-01
3.018591690063476562e+01,-1.090459918975830078e+01
2.751069831848144531e+01,1.403369140625000000e+01
2.660569000244140625e+01,-7.770489692687988281e+00
2.894336700439453125e+01,-1.191954040527343750e+01
-4.503873443603515625e+01,7.346442222595214844e+00
-2.268202209472656250e+01,-1.184898853302001953e+01
-2.506377601623535156e+01,-1.308987426757812500e+01
-2.538528251647949219e+01,-1.411533737182617188e+01
-2.463369750976562500e+01,-1.620333290100097656e+01
-3.642203521728515625e+01,1.017793083190917969e+01
-3.478013229370117188e+01,9.093139648437500000e+00
-5.025207138061523438e+01,1.471172428131103516e+01
-4.782189941406250000e+01,1.418733119964599609e+01
-2.231040000915527344e+01,-1.321904373168945312e+01
-4.166289138793945312e+01,1.271521854400634766e+01
-1.665940856933593750e+01,-1.989893531799316406e+01
-7.349310398101806641e+00,-1.415273761749267578e+01
-3.363669204711914062e+01,9.200325012207031250e+00
-5.025207138061523438e+01,1.471172428131103516e+01
-1.982680702209472656e+01,2.112263488769531250e+01
-2.451668739318847656e+01,-1.277093029022216797e+01
-6.522636890411376953e+00,-1.817085456848144531e+01
-4.934410572052001953e+00,-1.749144554138183594e+01
-5.595225334167480469e+00,-1.606309890747070312e+01
-2.465804100036621094e+01,-2.202975273132324219e+01
-2.386720466613769531e+01,-1.102273273468017578e+01
-2.159865951538085938e+01,-1.168728256225585938e+01
-2.392737388610839844e+01,-1.282070827484130859e+01
-4.231162261962890625e+01,1.280159282684326172e+01
-3.915043640136718750e+01,1.147158241271972656e+01
-3.706420898437500000e+01,1.016554355621337891e+01
-3.478013229370117188e+01,9.093139648437500000e+00
-4.946388626098632812e+01,1.454112434387207031e+01
-3.136615943908691406e+01,-1.922230529785156250e+01
3.767586898803710938e+01,1.941584014892578125e+01
3.134068298339843750e+01,8.725738525390625000e+00
3.712408065795898438e+01,1.966623306274414062e+01
3.719755172729492188e+01,-5.820989608764648438e-01
3.891514205932617188e+01,1.929776191711425781e+01
3.706764221191406250e+01,-1.577358245849609375e+00
4.346291542053222656e+00,2.683797597885131836e+00
3.580482482910156250e+01,1.822267150878906250e+01
3.641739654541015625e+01,1.912135696411132812e+01
3.628042602539062500e+01,1.812846755981445312e+01
3.503765106201171875e+01,1.902381324768066406e+01
3.714116668701171875e+01,-6.695286035537719727e-01
3.455635452270507812e+01,1.878169059753417969e+01
3.138990020751953125e+01,8.521341323852539062e+00
3.706816434860229492e+00,2.426454067230224609e+00
3.772548294067382812e+01,1.869679450988769531e+01
2.995025825500488281e+01,1.047929000854492188e+01
7.599766850471496582e-01,-1.457613855600357056e-01
3.906326675415039062e+01,1.778534126281738281e+01
1.651429939270019531e+01,6.119754314422607422e+00
-8.984314918518066406e+00,1.935944938659667969e+01
3.330112457275390625e+00,3.003351688385009766e+00
3.551289749145507812e+01,1.894176292419433594e+01
2.948620223999023438e+01,1.156167030334472656e+01
3.724978256225585938e+01,1.790253067016601562e+01
3.664445114135742188e+01,-4.681675136089324951e-01
-2.821275293827056885e-01,-8.003311753273010254e-01
3.630340957641601562e+01,1.968689537048339844e+01
3.556169509887695312e+00,2.953813314437866211e+00
3.704662704467773438e+01,1.855498313903808594e+01
1.953554153442382812e+00,-8.380595207214355469e+00
