9.172517110080444791e-01,2.324158194334066341e+00
7.517806232826064472e-02,1.097565419735898828e+00
-2.014648859102581568e-01,9.750054354858816996e-02
-7.389791392526839919e-01,4.857289384666764742e-01
7.833892123513761518e-01,1.744522621970374665e+00
-1.619507628391259280e+00,2.739202063489067918e-01
-6.702605545686269872e-01,2.049708535516462149e+00
-6.363256838349761191e-01,2.979094057319879862e+00
2.762799055066831322e-01,5.859315819741259812e-01
8.725796257098706876e-01,3.103304578846385886e-01
-2.616590489684439191e+00,5.209271544221496519e-01
3.035093561717920607e-02,2.501666188714822603e+00
1.460313742500255474e+00,6.970857754044718080e-01
-1.442261865937165100e+00,2.944109663779272079e+00
2.681532204897472127e-01,2.430637197986574627e+00
-8.317897724104200696e-01,4.030644185232250543e+00
-1.041144376716822251e+00,1.902721409098790506e+00
1.398731793651853295e+00,1.099582862877328315e+00
-1.155261594012302551e+00,2.437125334335519700e+00
-2.002346971789393137e+00,9.442838694572676106e-01
2.036708033409715957e-01,3.035702273329277556e+00
-5.838682573817747246e-01,2.819725562546644859e+00
-6.724093814316222106e-01,6.316846784549720040e-01
-3.595730957225186097e-01,2.172311999427987139e+00
1.574303505688403160e+00,1.704415958967535616e+00
-2.374801716525932083e+00,1.045736105754212719e+00
1.900088610173949588e+00,1.576705348462485556e+00
-7.047390530404288311e-01,1.569346203843310805e+00
-1.139119396677144902e+00,1.495457303509465374e+00
-9.586047182142519441e-02,1.982221432843085163e+00
5.591421585337617017e-01,-5.399807525203303094e+00
1.923910904030528835e-01,-1.178928858610845065e+00
5.713079207216796851e-01,-1.218567020559201852e+00
1.798051133811370939e+00,-8.754558893201617661e-03
4.692486660056282566e-01,-3.473825569227423138e+00
1.098460067650228300e+00,-2.128501400334420257e+00
-2.256126331465085677e+00,-1.866264487499855296e+00
-5.011032166667199750e-01,6.022894837473563578e-01
4.704742363920205728e-02,-2.716393170520707390e+00
3.547672955212850532e-01,-2.099677974420271376e+00
7.983667601701709415e-01,-1.452331602502123786e+00
9.599511851425470699e-01,-2.001474317552931481e+00
2.458000833101453786e+00,-2.083226448793029373e-01
-9.520265292168579307e-01,-1.480126929708667660e+00
4.080142077048700133e-01,-1.452990750565875011e+00
4.916397402195781668e-02,-2.748201936613880569e+00
-2.043262492761759308e+00,-8.499828406296948691e-01
2.655115958134586229e-01,-2.782834433543611041e+00
6.651510867878248634e-01,-2.759394518878831803e+00
-5.971641503701058395e-01,-1.156819105240536105e+00
-6.724595457087740868e+00,1.282473948725461632e+01
-9.895528434855298539e-01,-1.243643032993537512e+00
-3.032978675404580104e-01,-3.396849382552099783e+00
1.341452571608922062e-01,-3.250957637179156201e+00
3.519256452478613517e-01,-2.865473118162227717e+00
4.917933871457783601e-01,-3.430647633025494248e+00
1.082083242597815076e+00,-3.135756012840166029e+00
1.323133759013847888e+00,-2.937859125788939263e+00
-7.763760729604065602e-01,-3.511083422075985006e+00
4.453748892922028413e-02,-2.745588649961361316e+00
1.386918719547486634e-01,-2.836387501696731039e+00
1.448840613407303524e+00,-2.747204308767191794e+00
-1.526997660433461634e+00,2.321971033932193507e+00
-1.167115410305815004e+00,-1.566365892391407555e-01
-3.529400784239919542e+00,1.358278290559139068e+00
1.916394352140841362e-01,-1.345906669647229048e+00
-1.858664155793095407e+00,3.632344437463501219e+00
-1.110706058423297060e+00,2.380117162634382277e-01
-2.510678408591430877e+00,-8.257097470631171721e-01
-3.652491509928090352e+00,1.543217521674817183e+00
-1.101858003591823371e-01,-2.449815381111214219e+00
-2.893231735853138420e-01,-3.440659116984690957e+00
2.550977482100665744e-02,-2.268915071287750607e+00
-4.865145316900185146e-01,-6.513152847489329655e-01
5.950678506170413717e-01,-3.015222733595536386e+00
-9.678209230083818504e-01,-2.297440813484677768e+00
-1.557645739924186978e+00,1.606846374214712103e+00
-1.728975715963547710e-01,-2.426679065883967201e+00
-2.351845136052915564e+00,8.331793235187148206e-01
3.300477157262119432e-01,-2.340885286923102271e+00
1.039455645042649978e+00,6.632682044838742463e+00
-8.971195993876778241e-01,-8.198076847671088574e-01
1.548578454113845648e+00,-1.687173225455172787e+00
-5.778936090007229076e+00,1.719101770966703580e+00
-4.146863788860611355e-01,-2.887941702875193251e+00
-9.052854957371906375e-01,-1.931333749773717301e+00
2.004104718541457775e+00,1.867010797595515470e+00
-1.698763498137143557e-01,3.138586321465649309e+00
2.655023244646132152e+00,2.049796482198200376e-01
-8.282402139955131748e-01,-1.627024984860060419e-01
-7.146085184342003682e-01,5.928258990152178720e-01
1.623315518585645822e+00,-3.328403896603373102e+00
1.741107056250608354e+00,-3.529950516984242670e-01
8.227939060291252771e-01,-1.460372973685644782e+00
2.214203317862972309e+00,4.128947634758216023e-01
2.257314545260636685e+00,-1.532290104015302301e+00
7.707220592319073971e-01,-2.683319260252378324e+00
1.334490438151608949e+00,-1.974909873556977891e+00
7.607867597278906990e-02,-1.651775518859561975e+00
-8.090833854106870282e-01,-4.324688167027409769e+00
-5.399848869986104694e-01,-4.359759516484303710e+00
8.961770942472124801e-01,2.758689679200475586e-01
1.054610236427111269e+00,-1.213822875855287586e+00
7.196155818973962726e-01,-2.716422375341451367e+00
5.792537363727288113e-01,-4.708996580580870450e+00
-1.148868582246924896e+00,-4.471345496181310608e+00
-8.328243878809544753e-01,-4.398693673190950726e+00
-5.399848869986112465e-01,-4.359759516484301045e+00
1.560849183155990527e+00,-1.882178366254283752e-01
1.213677146109817029e+00,-1.414935717078555921e+00
3.383399674704963722e+00,-1.348289556726663951e+00
2.344902602329749897e+00,-2.912819345507581481e+00
-1.148868582246928449e+00,-4.471345496181311496e+00
3.287295007828528459e-01,-1.908379309693061909e+00
-9.789149600950428076e-02,-3.306188571794666853e+00
2.532071935092141124e-01,-3.144474106832121141e+00
-2.444307273806691676e-04,-4.429079294814754597e+00
2.601599027071233583e-01,-4.559224643549768530e+00
5.792537363725590582e-01,-4.708996580580898872e+00
-1.148868582246930892e+00,-4.471345496181308832e+00
-8.328243878809548084e-01,-4.398693673190948950e+00
-5.437100803799921334e-01,-4.365587363057743531e+00
1.951555654994213462e+00,-4.307724499233340332e+00
1.461998142163383418e+00,-3.593229174068289122e+00
3.023726025032867915e-01,-3.658718759324145697e+00
-2.855649432261940790e-01,-2.727962995512662747e+00
8.079787834549545522e-01,-3.134369688084636341e+00
1.020759130131462245e-01,-4.342675529855995364e+00
3.729246867195943338e-01,-4.525243712429044329e+00
-1.268812332498292950e+00,-4.065070510799425385e+00
-9.992021672758575335e-01,-4.106494280382263717e+00
-7.117475482062549652e-01,-4.083191799980983028e+00
-4.326250742465354016e-01,-4.115492833588290544e+00
-1.317517820828743857e-01,-4.133901774740693646e+00
4.666043643940647190e-01,-2.496485883800204419e+00
5.465817627285117775e-01,-3.506036122112230480e+00
-1.199815454190053643e+00,-3.976014987035956683e+00
4.401592462161172947e-01,-1.423116982039101419e+00
-7.117475482062559644e-01,-4.083191799980982140e+00
1.439355267183237141e-01,-2.917798876098621541e+00
-1.541639392062301717e-01,-4.206388828670823976e+00
1.020759130131465575e-01,-4.342675529855995364e+00
-7.257109069213720787e-01,-3.006136259853334991e+00
-1.207893900648267405e+00,-2.330203456992014033e+00
-1.108044379095400656e+00,-3.590360281000362530e+00
-3.635749069405705414e-01,-3.093691589030151956e+00
-4.326250742465419519e-01,-4.115492833588292321e+00
1.032606139701324616e-01,-3.058955425141156148e+00
1.843565626240416810e-01,-3.557644016136947140e+00
3.729246867196083781e-01,-4.525243712429039888e+00
-1.303917493834206187e+00,-4.181060351332686942e+00
-9.992021672758542028e-01,-4.106494280382265494e+00
-7.117475482062561865e-01,-4.083191799980980363e+00
9.151219800466693366e-01,-4.030017125638107878e+00
-7.242472106995249126e-01,1.355208545929055930e+00
3.692880839069332399e-01,1.791332903645573627e+00
5.190639786993933580e-01,1.102782500881275940e+00
9.837497726967491252e-01,1.617001424351357519e+00
-1.311095483890273972e+00,5.137068550552407326e-02
4.472591748381609666e-01,3.903836005563957823e+00
5.467745813592659321e-01,3.281654441743505846e+00
1.464085003168738852e-01,1.770051880716161818e+00
-1.740285606635367577e+00,3.703244992927707369e+00
-2.279367572873016723e+00,2.999032248563429981e+00
-3.146511461994603298e-01,2.095248642544828233e+00
1.385323481948298907e+00,-9.878769786629926219e-01
-1.180644139395876424e+00,2.682749175462547431e+00
-5.950402468522384414e-01,1.305145803437902652e+00
-3.678508353666622988e-01,1.679098726699570276e+00
1.691368611656522414e-01,1.114065825360421425e+00
4.870587668290703998e-01,9.440047188002187450e-01
2.267386136773867633e-01,1.801373867138386764e+00
2.319786498406438024e+00,5.016364278112872555e+00
-7.357968853497529604e-01,8.949267107909012475e-01
-8.109294783886594749e-02,1.185162062137545602e+00
-1.010236895284487346e+00,2.262678416042059215e+00
-4.130741879744339040e-01,1.829094770981588347e+00
-5.461012212669338339e-01,1.837690091989149899e+00
2.090923745626141195e-01,1.236674889292199708e+00
-1.545674634728633756e-01,-1.208021126987676830e+00
1.034745655827457922e+00,-2.862481831489456230e+00
-6.999870230939496674e-01,3.337653918935010289e+00
-3.927876796993836073e-01,2.655536734709556868e+00
-1.212420142372947485e+00,2.005850689105682427e+00
3.667163959800474049e-01,4.815929378360633284e-01
1.570163617516040278e+00,-1.806528395699577016e+00
1.994627834617209272e+00,-1.275152826161729314e+00
1.960311187995415816e+00,-2.041530737874454271e+00
1.936199648829992404e+00,-2.073983276536933928e+00
1.983062276009772473e+00,-2.431071260086713259e+00
1.412372604736625625e+00,-3.695589376132004666e+00
7.807250775631824347e-01,-2.480543813127085606e+00
1.549180914820319721e+00,-2.493942466815002312e+00
2.497376338681153829e+00,-2.769706719921873894e-01
1.622164346991442407e+00,-2.342548543737910993e+00
1.837314385805092432e+00,-2.271782778428150795e+00
3.674749221554229894e+00,2.241278677129754815e+00
2.312633409283701535e+00,-2.370653713358233272e+00
2.173759855507021221e+00,-7.008653330877945287e-01
1.621759453444251431e+00,-7.213570375027226200e-01
2.418495368460459538e+00,-5.316662668168817829e-01
2.510981081971357831e+00,-3.829504472198889120e-01
3.023846056521493075e+00,3.051054375683291964e-01
2.506094683544335844e+00,-1.399877088987753204e+00
2.346543626347990408e+00,-2.238953988898575886e+00
2.916130685179978865e+00,-1.264934485813180298e-01
1.810342911673129329e+00,-6.334224925555793639e-01
2.845038374862214337e+00,-2.030538454459350495e-01
3.611583589624963508e+00,2.373689925067340667e+00
3.090967262724022557e+00,4.672731470467047510e-01
2.337448785654806738e+00,-1.494088566549845787e+00
2.801318316180374968e+00,-1.292123891281430348e+00
3.293135013733810013e+00,1.826195445952942142e+00
9.783367337215912451e-01,-4.175805555505392341e+00
2.666456053154813155e+00,3.816023516965452167e-01
3.512430751869525913e+00,8.136530832142140346e-01
1.379620809036776530e+00,1.248590401634022351e+00
1.771351190918420304e+00,3.690902473817977980e-02
6.486401424127761217e-01,-1.872798757813493031e+00
1.207788444687805329e+00,-1.115199718033823562e+00
1.045621901269017329e+00,-1.916656646453372304e+00
2.029316583397560159e+00,-1.149678453133298861e+00
8.535868098776449031e-01,-7.327812100488009239e-01
5.925436648992116195e-01,-9.547380636767496265e-01
9.534076712104082585e-01,-3.711726592885071785e-01
1.707843187998521750e-01,-2.521204778882994546e+00
1.313364653545745275e+00,-9.630251788372719002e-01
1.392071794775564531e+00,-1.570855095460595319e+00
1.544602629084351086e+00,-2.090134136380513930e+00
-3.707180926334921467e-01,-2.513387376627100434e+00
3.574811988357391723e-02,-2.556495285608490597e+00
-9.932890437048630394e-02,-3.384294405704619368e+00
9.780024848109934721e-02,-3.437077575881762215e+00
2.396186682626257614e-01,-3.733895020709281809e+00
1.278198025995436860e+00,-1.737279806352429512e+00
7.806786523870949956e-01,-4.065299174638965063e+00
-5.533324926692362311e-01,-2.630563713154319583e+00
2.574882161428655725e-02,-7.512002390942067453e-01
-2.356071793181475915e-01,-3.585981125042405182e+00
6.184537474014188962e-01,-1.293515877748981913e+00
8.534745918683422916e-01,-1.771611430200753734e+00
2.148563633307472465e+00,-1.610884249303680960e-01
1.813713265978016631e+00,-1.733312274109397366e+00
-3.211482371448554085e-01,-2.670257635872443469e+00
1.276402901025032843e+00,-6.744287153412741320e-01
1.328353510255132486e+00,-6.422111332704715236e-01
1.522600253857964381e+00,-2.585253403513862125e+00
1.326825492577890231e-01,1.258040573229262549e+00
-1.365017104466107689e+00,9.748346212216383311e-01
-3.070984841903902307e+00,6.228646612756348899e-01
1.010999971824341870e+00,1.304670015516751436e+00
-4.458006647341021811e+00,5.582416696438150971e+00
2.826622978683006160e+00,-9.079706462514633980e-01
7.151175260690854907e-02,3.440168207616589036e-01
2.628692257693372003e+00,3.512985548942709202e-01
-8.248653724091192796e-01,1.714161895730197838e+00
-1.106217617659283281e+00,8.860711833946647298e-01
-1.067081102967987638e+00,1.802776530123259601e-03
7.191519214615493816e-01,4.128200608835478569e+00
3.174077355348630558e+00,1.011619210310425787e+00
9.944076519862121710e-01,1.361549280263161910e+00
1.660996098813558364e+00,-6.602232098170782715e-01
1.177476362745600191e+00,1.717697475107428540e+00
1.567229378942031293e+00,-7.888065653682654332e-01
4.197915136804653002e+00,-4.158019037077977487e+00
1.154189455982660872e+00,1.057481792525109432e+00
2.255248548355547555e+00,4.963062099914694603e-01
1.811883256955663546e+00,-2.847193284023280188e-02
2.921672320896981923e+00,9.710362561192723563e-01
6.774990350691646457e-01,1.063521928325352084e+00
1.124640642083571951e+00,-3.094241889164856651e+00
1.855137736765178458e+00,1.722090534990508570e-01
2.423779792928047350e+00,4.201002720137860247e-01
1.540401597425739455e+00,9.906865662506640913e-01
1.848278412920346003e+00,5.895734142584275750e-01
1.762741086921053801e+00,3.984376435350370227e-01
1.239099813971073161e+00,5.225597868428440984e-01
-1.209746127542076000e+00,-1.191409294384664364e+00
2.522896671931799784e+00,2.793766565777349165e-01
1.522090476239194246e+00,2.896513042653516834e-01
-1.021480291918466093e-01,-1.968603971315324053e+00
1.075404651227766795e-01,-6.186069721142098965e-01
-6.493177651420095620e-01,-7.546727718768612148e-01
1.468781582684763887e-01,-3.449291818380275515e-02
-5.840597139648709968e-01,-9.889438080435428713e-01
2.107610272475760382e+00,2.618792160452849127e-01
2.040332300608845184e+00,2.970510936407106950e-01
2.638580133379690551e+00,9.204749565137470002e-01
2.371294264485310777e-01,4.530221493797418342e-01
2.186096679667270948e+00,9.645184628403419280e-02
-2.298865490099039732e+00,-2.096725494402479573e+00
1.945495897441793520e+00,7.235822831992544391e-01
2.416907796583076529e+00,2.502107549362243000e-01
2.449115753207915969e+00,8.004369606097523349e-01
1.514705518291805886e+00,-5.719199344556347153e-01
2.226692116928562282e+00,-2.402549727189456918e-01
1.057090332020305778e+00,-1.375106189451060335e+00
1.530236144899005168e+00,1.089580891285324871e+00
1.109812789380441478e+00,1.076219032203781012e+00
1.998590614140813626e+00,-8.253384771127701691e-02
2.456187649893641911e+00,-6.422231917136973778e-02
2.175855854198955885e+00,4.113737768454222427e-02
9.661395344503176386e-01,-1.326961021178452420e-03
2.303904336149565246e+00,3.460143944699787255e-01
5.557817267642297665e-01,-1.401277393708278529e+00
1.581531683381239395e+00,8.200442572740170855e-01
9.066211785616548058e-01,-1.873889577550438501e+00
1.366745886387519926e+00,-2.052594169668642832e-01
1.539535419835936558e+00,-6.179418119744485294e-01
3.010338658819527780e+00,-3.957459182224532662e-02
9.723212539413190747e-01,4.684814111099387945e-01
1.652522664370399963e-01,3.178063273761722041e-01
2.187545948696843379e+00,-3.561759109621944197e-01
2.616059371521563204e+00,8.431610479099406197e-01
1.148392355362510164e+00,-1.116430488453243663e+00
2.130822611303797132e+00,-2.533700159050957357e+00
-1.641803207762431605e+00,-2.895955181291632319e-01
-2.329761649313767169e+00,5.105110308078188996e-01
3.547073199609563354e-01,-1.505075714837607048e-01
-2.115103255141686844e+00,6.635365078398706984e-02
-5.610474022856879017e+00,8.682478477193557032e-01
-3.307692285468096571e+00,3.575155090400813918e-01
1.633278304494445665e+00,5.911246917470711182e+00
-3.108875449522227274e+00,1.567819978598449016e+00
-5.955415412259890573e+00,-6.372129065871924569e-02
2.026258553817575248e+00,-8.640992765615101989e-01
-3.375800707592865324e-01,1.045133091036621747e-01
-5.841258714621926806e+00,3.739475202200492343e-01
-7.063494921672671900e+00,7.887750334639762606e-01
-2.717085205492320910e+00,1.044266358556897450e-01
-5.899988857838206258e+00,-2.403828231405546415e-03
1.820737668733582559e+00,-4.711311330961353017e-01
7.441011622811788406e-01,-7.341144584532127704e-01
-1.618172024250363883e+00,8.170877006658805453e-01
-2.877684310249335908e+00,1.728981860007781313e+00
-3.116986563950375100e+00,-3.110716125772098120e-02
-4.334552005663104168e+00,8.518575053684767084e+00
-9.202056757552347088e-01,3.352730700862516677e+00
-4.508110327559884944e-01,6.651531291395372136e+00
-5.616251006164868720e+00,7.232796147120400532e-01
-3.687919545176597591e+00,8.578207513777607041e-01
-5.638346779237320305e+00,2.242223030094019631e-01
-7.595879094353174210e+00,3.461145673558982949e-01
-8.602031521567647943e+00,4.390229500595377865e-01
-7.467501284876565393e+00,2.654398911152232032e-01
4.364843313496210797e+00,-4.218146438524077446e+00
2.290691965500450067e+00,2.039748080308482869e+00
-6.813961814253585159e-01,-4.105064001727700251e+00
-4.053506642047494113e-01,-4.102047990095252672e+00
-1.395699953121992687e+00,-2.659704323366890666e+00
-2.297901948173645792e+00,-2.653095217396439942e+00
3.978171818268730897e-01,-4.521308532340055919e+00
-1.272477057447842119e+00,-4.185442869850570347e+00
-9.682696541495681153e-01,-4.129869806005140198e+00
-6.813961814253588489e-01,-4.105064001727701140e+00
-4.052262035558554798e-01,-4.134714589605748891e+00
-1.341149121444203118e-01,-4.221519494184894583e+00
1.218895246845414920e-01,-4.354887547118326374e+00
3.897928704791736587e-01,-4.534398224936786903e+00
-1.273514943621594675e+00,-4.204957226278439819e+00
-9.682696541495670051e-01,-4.129869806005138422e+00
-6.813961814253585159e-01,-4.105064001727700251e+00
-4.052262035558557018e-01,-4.134714589605749779e+00
-1.341149121444199233e-01,-4.221519494184891919e+00
1.218895246845414088e-01,-4.354887547118326374e+00
3.897928704792949506e-01,-4.534398224936770028e+00
-1.340573787290351593e+00,-3.802588933514171377e+00
4.370264063350392525e-01,-1.276502397782498965e+00
1.331947379877240989e+00,3.463674583878970648e+00
-1.736580333511271945e+00,2.223067482168436637e+00
1.215215998411850684e+00,-1.290967702853895283e+00
8.548089965880975027e-01,-9.919599001200982702e-01
2.766165410235217337e+00,-3.166786246834693008e-01
-4.233924809325270711e-01,-1.602530395570282762e+00
1.249018225474812116e+00,-3.363557289986378041e-01
-2.896990993502576717e-01,-1.983405345051333590e+00
1.706588824125695680e+00,-3.941084338370488993e+00
2.300462120353941042e-01,-1.314797343822698306e+00
3.408042413601198861e-01,-1.251605720783851794e+00
-3.500870647553736004e-01,-4.193610641161726882e+00
9.991587507542727398e-01,-2.270297398649606446e+00
-1.740491985808767295e+00,-2.751292329161660444e+00
-1.287279949629352771e+00,-1.190486983835657986e+00
2.190062365913869158e+00,1.421548347815592139e+00
1.695695926628929318e+00,-7.734523382210986009e-01
1.915181098426886885e+00,-1.473142025042942782e+00
6.534775724408141695e-01,-4.551053964355022963e+00
-8.103152066493751748e-01,-2.844364419608051531e+00
2.416527263511671908e+00,1.057578185779829649e+00
1.205899527444288966e+00,1.107948287328003767e+00
-2.498135102473834079e-01,-3.266086971151724860e+00
1.093618183101716240e-01,-1.338244980034160481e+00
2.478763188874778312e+00,-1.200500137466765427e+00
2.205267518971619101e+00,-1.792653875363872551e+00
2.865680068511143652e+00,1.581898053938996185e+00
7.268315153891048430e-01,1.533402392223689681e+00
1.290945682471185962e-01,2.521179776231790015e+00
2.091808061072960356e+00,1.719777753470110859e+00
1.112992220181234337e+00,5.479901628652861234e-01
-1.586751350793844217e+00,4.165923410278386529e-01
1.758837224082534290e+00,-3.330924595006785172e+00
2.576855981443709975e+00,1.444511408991228762e+00
6.396026139364165974e-01,1.366084925881077439e+00
8.217103446040516790e-01,1.370549541976800345e+00
-1.348358225129855092e-01,2.457111765427469230e+00
1.798684185036138805e+00,8.199684067459017678e-01
1.393501725586121287e+00,7.952778956665178534e-01
2.426835663355042971e+00,-2.193822286262678389e+00
2.306570634682517884e+00,2.277672933967375357e+00
2.295703120840391964e+00,1.352220181135733057e+00
1.391017509440437117e+00,1.299002082288640780e+00
4.246294063799737728e+00,-4.229895060088733949e+00
3.190091570870583038e+00,-2.183978408819911010e+00
-9.756530509836858212e-01,5.537950112088428911e-01
1.559128953450304167e-01,1.570699222227836422e+00
2.338613554432669162e+00,1.519134825243116493e+00
2.174155734044864730e+00,4.570193218911367539e-01
2.426418382837919108e+00,-8.686514312485472677e-01
2.351003200400968995e-01,2.553623633160657658e+00
6.268735086567570614e-01,2.144151135032133837e+00
-7.357686013646452805e-01,2.456032785331364376e+00
1.714638936375961098e+00,1.903832644494425352e+00
-1.145162890617680285e+00,2.866989571779455570e+00
1.582471706995369487e-01,3.249098771987162682e+00
1.734431037087904581e+00,2.265842545945356168e+00
1.005709213969915528e+00,3.634428187563856660e+00
2.247613093928625405e-01,1.601537919768823981e+00
-1.305149129183443613e+00,3.325829246498674507e+00
1.053805588259992820e+00,1.582804854258572425e+00
8.023185462897323289e-03,9.530543766593909671e-01
7.759036124080270769e-01,4.069058148465976466e+00
1.616811440662623722e+00,2.355058334745282256e+00
1.091676004681012696e-01,2.142179720786024699e+00
1.106475314473124527e+00,3.336461480820211989e+00
6.315101665629180294e-02,2.990961080370992509e+00
-1.015252329851023427e+00,1.559562942288539533e+00
-7.201689456943062284e-01,3.515300336327914721e+00
-3.807043066551214494e+00,7.497104023760643443e+00
-3.297258143698411192e+00,5.642132110474750384e+00
1.156941651146116135e+00,2.417206173105622913e+00
9.160157368616279605e-01,2.252159603979492442e+00
8.823369694594812573e-01,2.132050439301240274e+00
1.195718208644269476e+00,-1.988770937105906134e+00
1.313412691802148924e+00,-1.880325113940018777e+00
1.131928206475660614e+00,-1.887675801219965255e+00
1.604988307352529953e+00,-1.163496895537408982e+00
2.346108538064008986e+00,5.042008179783015187e-01
2.011711707672201754e+00,-1.306985777351154621e+00
1.062492622918939755e+00,-2.890762325917154651e+00
-8.505695352341957616e-01,-1.411170871511939318e+00
7.787236348632676775e-01,-2.801052601350378257e+00
1.042279340303807533e+00,-2.642314381127029765e+00
1.457194641357008047e+00,-1.263572707095850900e+00
2.176281112288017461e+00,3.082063280208793277e-01
9.605433936109696313e-01,-1.768042627891712959e+00
1.717738355138203277e+00,-1.605246449265028907e+00
6.049656068089200867e-01,-2.090231937685363750e+00
-4.977979196795540712e-02,-8.463430261691545775e-01
-9.455423299144782856e-02,-4.013016121975153117e-01
1.499562442515008476e+00,-1.114124420956717598e+00
1.013689803307762149e+00,-1.409792993104254544e+00
2.072900734271319489e+00,-4.319505836441749347e-01
2.397914596253908570e+00,-7.992945517310734438e-01
-2.308223717010935705e-01,-3.246496521904843613e-01
4.324228853885844215e-01,8.472674187408092694e-02
8.766838502638983899e-01,-1.982253313505561554e+00
1.187219097025908221e+00,-1.534206924841754027e+00
1.516055304172674090e+00,-1.209893306152922454e+00
-3.681699704231333747e-01,-1.682545927424149657e+00
2.623682967864375826e+00,2.907279584718776011e-01
2.412055496771456031e+00,-3.398436407134787229e-01
1.422439968118399456e+00,-1.181684813041845139e+00
-3.572645600731700899e-01,8.830893275716158453e-01
2.700795673226707994e+00,-3.248749656290089938e+00
1.471422105608976683e+00,-1.094942054436014001e+00
-2.261254979028524403e-01,-2.022890576224403159e+00
1.228360291191387565e+00,-7.366412531708806943e-01
-1.509829764351058035e-01,1.366563684881712815e-01
7.165256358646611146e-01,3.363107604979705817e-02
1.140291062350738072e+00,9.610884592136030857e-01
3.349371826866981983e-01,8.271528113669733839e-01
5.417331530293012509e-01,-1.112119395313306169e+00
6.682609711232464500e-01,-1.621536457186656399e+00
2.146297854890248491e+00,3.039805879016098888e+00
-1.044785814464792795e+00,4.023419236887146311e-01
1.587251939819804170e+00,-3.353283629392390108e-01
3.069998885737646344e+00,7.694627650400293062e-01
1.548860276324508733e+00,7.719794171184307663e-01
-1.397473731018816556e+00,7.996367826287862357e-01
-9.634224004989659640e-02,5.069921272531828782e-01
2.001423955077033856e+00,9.573049304757327294e-01
-1.502802771891287081e+00,-5.496499509619319213e-01
-8.903166905373798290e-01,9.718889787856361817e-01
1.505718722447042746e+00,-2.483292932957162247e+00
2.619225066400385771e+00,5.321549832276181169e-01
2.065377134960429684e-01,-1.150928429108131201e+00
8.509712688620233445e-01,-1.425380787408227823e+00
1.727758793024709583e+00,1.365742551669898885e+00
8.041577297676116842e-01,-2.280580841661429492e+00
-3.070715603660422732e-01,-2.212003315807819781e-01
-2.077723760838483091e+00,-5.955274405047983333e-01
9.378776470100659290e-01,2.803429176474034001e+00
-5.628009314063673330e-01,-1.028902189644965270e+00
-5.275933646508719210e-01,9.643904588092313546e-01
1.942857250774761901e+00,-8.138009655149553989e-01
2.088561196549390431e+00,1.082504569624555879e+00
1.883440107687619935e+00,8.620993577237311412e-01
1.954649456557137954e+00,9.669702120329657369e-01
1.359783405508770970e+00,1.637650674739060952e-01
2.216776287776051735e+00,3.218417253468884187e+00
6.682641325776282892e-01,5.270264755619693098e+00
-8.767927302904386933e-01,1.238061320535149834e+00
5.268001029968398807e-01,1.868867377777133632e-02
9.331570706682066341e-01,1.924960239833864328e+00
-1.851623885749819065e+00,-2.530324998460721786e-01
5.210534335004075174e-02,-3.252824340370592093e+00
1.172705487381662470e+00,6.133486808999616180e+00
-6.678702629237862176e+00,3.658321682288582455e+00
1.292604353622895941e+00,2.066064837899821871e+00
1.235355436837101140e+00,2.432082751172066071e-01
7.252163981913010149e-01,9.081128813839176583e-01
1.302582025031572055e+00,1.424600691791824136e+00
9.576379152930573069e-01,2.175142803157388727e+00
8.825047155768138696e-01,2.928943929992911865e+00
3.818024472936425995e-01,-4.529633824715329382e+00
-2.204283524946109907e+00,1.534027754883684480e-01
2.586969553537456612e+00,2.288037715384808379e+00
1.053073005091376579e+00,1.566531851204209680e+00
1.498697892598279235e+00,1.325133774536828346e+00
8.003378775979475002e-01,7.948852571910537401e-01
2.005642976731906835e+00,5.337300863240245441e+00
-8.627849274846429495e+00,1.219186512405023404e+00
1.401032990995588756e+00,1.869018477524456268e+00
8.252059006754765003e-01,3.372496163035220373e+00
-6.767667892829354326e-01,2.290845536986958031e+00
3.183691654525233616e+00,-2.588279223498194614e+00
5.248934508314490044e-01,1.624315485038307472e+00
1.866918539561712054e+00,-1.246743832649165329e+00
-1.299481706851755458e+00,3.696567213371000360e+00
-1.273659663157308275e+00,3.592626372444346128e+00
2.779825150704708481e+00,-5.591967801561605889e-01
1.513443361447182056e+00,-3.996579371480784459e+00
2.424812176281661458e+00,-1.917830295601235857e+00
-1.506047812552459453e+00,3.107852821486235317e+00
1.925768262648688278e+00,-2.228324135357139912e+00
-1.989796059389985716e+00,1.499202954838153135e+00
7.276208570244971918e-01,1.798684831132725481e+00
2.933853089115834312e+00,-1.116019395458542895e+00
2.447221364659313725e+00,-3.039002338277629445e+00
-6.909916887678513309e-01,1.425014654533431457e+00
-2.902435538383008051e-01,1.559866051957909283e+00
2.806858921833612075e-01,9.893689781554888540e-01
-1.079010825267671558e+00,1.173712774065432063e+00
8.736464067904613218e-02,2.063759807463455331e+00
2.431659784305581606e+00,-3.090170955765950911e+00
3.077284876254176460e+00,-1.221664744851392426e+00
1.000814748760084250e+00,8.685659732763463259e-01
6.400805184633059919e-02,2.116158103543136715e+00
1.872714528031749204e+00,-1.309932450849853547e+00
-1.042984943269064768e+00,2.683117968998744107e+00
3.089842895113399379e-01,5.124756554456498803e-01
1.418116066078573878e+00,-3.118480293090525546e+00
2.754680488471491717e+00,-1.047226068808893018e+00
-2.920780928881435146e-01,2.348070303841927942e+00
-1.275529545135727361e+00,3.733942086347278977e+00
1.829091632229321140e+00,-1.365551816580894862e+00
3.407433407242511425e+00,-2.982498355357320996e+00
-2.719447850136039957e+00,6.764197001834746370e-01
3.455236467909153508e-01,-8.288495151626303903e-01
-3.404404876885600562e+00,1.886896325862863932e+00
-3.418255158265989468e+00,3.590043975284707756e+00
-5.161066808643617776e+00,5.069309738279507371e+00
-5.719570256460789537e+00,4.480411455336628990e+00
-3.690240350907514788e+00,2.108128527400592755e+00
-3.350686523649591742e+00,2.809176739812123458e+00
-2.563775479806876145e+00,3.895088366262386970e-01
-4.380419478790451571e+00,2.929329266422633360e+00
-1.449735927392997725e+00,1.363612993206505974e+00
8.953307189805630451e-01,1.169856880864099669e+00
-6.261403912429928553e+00,5.873834004118788421e+00
-2.259897315987710709e+00,6.892650876973508423e-01
-1.620667473077625598e+00,-2.669350211000079409e-01
-1.173260084519403001e+00,4.159389154378143605e-01
-3.078938003956368519e+00,1.978381376741340070e+00
-3.005352480560804285e+00,1.123852024445498810e+00
-5.615728240133926796e+00,4.670440503094400064e+00
-5.821791504515980265e+00,4.967456081982605021e+00
8.754195183613495967e-02,1.135917920385115298e+00
-9.620461052895870058e-01,3.739902118681926346e+00
-3.431324609296205752e-01,-7.393312434277550249e-01
-1.023950044105394586e+00,-8.957384434080092883e-02
-1.436596712805091602e+00,-1.749249838616488750e+00
1.602966092889302474e-01,-4.387996627542039896e+00
4.270941427888184094e-01,-4.562307692937432435e+00
-1.369092663066337812e+00,-2.120069080166353093e+00
-2.927144390377156569e+00,2.326567444520802219e+00
3.313786163623740677e+00,-1.941362193711742901e+00
-8.552672919599387802e-01,-4.320502168759333905e+00
-5.701875359931514176e-01,-4.287474974035809794e+00
-2.952213614811307063e-01,-4.305218875281674684e+00
3.598482659280948681e+00,3.784205126872369984e+00
3.067660831494047446e+00,4.234369237190580115e+00
2.801156098912944259e+00,1.311606672651351724e-01
1.925931301055729961e+00,-6.188872430554259729e-01
3.561378831754372420e+00,2.692187521967620345e+00
1.616265814528429434e+00,2.129911784754061177e+00
1.534017352667987000e+00,5.812398287718264278e+00
3.170615102102930738e+00,1.297081646887741080e+00
3.974619054270374541e+00,3.008872780627618315e+00
3.038390652443940354e+00,8.377311269836588137e-01
-1.165033647126682448e+00,-4.393639395361145006e+00
2.221521891816281347e+00,1.532069687980132322e+00
3.328011108882474200e+00,2.090753167237495713e+00
1.333563396707621695e+00,-1.689457448856732880e+00
3.350857931835277803e+00,1.968591859066465499e+00
2.261930901795398352e+00,6.522126649446695346e-02
3.450942847610085629e+00,1.579330773101412566e+00
7.199062802730715749e-01,-1.045275208464131245e+00
-8.552672919599396684e-01,-4.320502168759336570e+00
2.253834350066698522e-01,-2.395685914165133212e+00
3.392453804031646314e+00,2.128582632295625832e+00
1.738483899524233989e+00,-1.769615682615379049e+00
3.330781743405859974e+00,1.220018764109112031e+00
3.194523894440784773e+00,7.644354899126649672e-01
-2.700680096699670685e+00,-2.221799053499502907e+00
1.988892043843896174e-01,-1.551102481505062691e+00
1.953417125655252828e+00,5.341762240340615087e-01
2.247386149358372442e+00,1.025998487178019669e+00
2.362184142333426440e+00,1.445889744915194175e+00
2.095321221256875699e+00,5.981689060664359125e-01
-8.445881382603195320e-01,3.872973503374552706e-01
1.549078729657165532e+00,2.266940312109911593e-01
1.781875658263677664e+00,4.345755580916096927e-01
1.174659747351209704e+00,-1.112036764946793405e-01
-4.308978525019362960e-01,-4.116563460288289455e+00
1.702827738572386673e+00,6.642441720336596245e-02
-1.594805294594728418e+00,-3.865903223286982549e+00
2.163551347026048788e+00,-8.096785041748647549e-01
8.086518934484895338e-01,5.214273167634840833e-01
-9.972508664807141487e-01,-4.107809367831933400e+00
1.152416392028001280e+00,-4.574908441757434274e-01
1.002068009116269254e+00,-6.542083156344543626e-01
-1.529619441948943115e-01,-4.207193362024443495e+00
2.249312986385927804e+00,2.101833731684410456e-01
-5.290101878583981510e+00,8.096451924393985866e-01
1.496231484256136390e+00,1.717961046275103265e-01
1.053880719571232305e+00,-1.863095101512840801e-01
1.037086972872730994e+00,-5.201999408561502891e-01
1.112190629521294882e+00,-2.522453871603408948e-01
1.734472702196976801e+00,8.065538062663513141e-02
1.190715404644251851e+00,-9.363327271389102480e-01
2.617010931963001941e+00,4.340734167462568793e-01
1.949516386621888753e+00,1.293132840120647942e-01
-5.783458028142829388e-01,-5.469514117434190581e+00
-9.266420502379147939e-01,-4.173651628537215608e+00
-1.044468780117612239e+00,-1.746504162756569389e+00
-8.387324687614871044e-01,-9.624078747009625623e-01
7.346929390721376185e-01,-3.098951050037740629e+00
-2.213261380380620480e+00,-2.448548311827092316e+00
-1.898454719320483264e+00,-3.219112226548739297e+00
-1.728829745661252026e+00,-1.329392915467809619e-02
-9.266420502379162372e-01,-4.173651628537217384e+00
-5.786237852974759122e+00,1.675080287645390742e+00
-3.666811753233970017e-01,-4.172093674409940611e+00
-6.435297186215269138e-02,-4.073926639122868565e+00
1.545126987428173393e-01,-4.382201873216311050e+00
-1.859247239081487590e+00,-3.227275298018775107e+00
-1.545878805592722172e+00,-1.331218534324149605e+00
-3.861822116293782248e+00,-1.484477792754649306e+00
-6.410873330083324273e-01,-4.145944706417528103e+00
-5.953907694712288201e-01,-3.860131483098822702e+00
-1.028005485509353306e-01,-4.253116022142553909e+00
-1.366849940424563203e-01,-2.955855962231362266e+00
-2.011778448859069091e+00,-2.726983139168578596e+00
-1.231871831758792224e+00,-4.249871452955853002e+00
-9.229006705271823874e-01,-4.167809174587916665e+00
-6.410873330083326493e-01,-4.145944706417529879e+00
-3.666811753233975013e-01,-4.172093674409943276e+00
-1.575479198808871883e+00,-1.796406083669177978e+00
2.402983164096494484e+00,-3.353114745868698066e+00
-9.014589486918518357e-01,8.553961011731884279e-01
-9.655471260912783515e-01,-9.564372582488669394e-01
1.179216865190863439e+00,-3.068098266033167931e+00
1.578354357472446567e+00,-9.447487419926905439e-01
9.790686988780653577e-01,2.569859260531941914e+00
2.296084937103167078e+00,1.633910687324645172e+00
-1.230314463227265787e+00,2.064094293081364384e+00
-1.882494505838836041e+00,1.202557988993274041e+00
6.799694060891933178e-01,2.863979271282731887e+00
-6.767735738945517276e+00,1.783170718009817302e+00
-9.345081925068318141e-01,1.600178934787837459e+00
8.552844972730339404e-03,5.399770614399034940e+00
2.329064835945006795e+00,-1.569587857296896871e+00
-5.281518254265656687e+00,2.147254976544675120e+00
4.482630453848222007e-01,1.230429848624433387e+00
-5.689791822024204970e-01,1.684698930369063374e+00
1.210849357407110638e+00,2.191053335180431105e+00
2.041190193106428463e+00,1.680493769551213878e+00
-5.755601030322628035e-03,1.009658586010038661e+00
2.457155626928783754e+00,-1.058489177841953399e+00
6.109297096671770927e-02,3.159929667926027363e+00
-7.967827177952478968e-01,2.201630869900813359e+00
-1.916310743677869174e-02,2.019572713947799247e+00
9.006530136617633131e-01,1.580428798043426397e+00
2.130556331354507726e+00,-5.358057927132606757e-01
2.446264763397066666e+00,-4.047027111753730422e-01
2.113965421943853951e+00,-1.938192221277893923e+00
3.029071048815968670e+00,4.870587766246089245e+00
-9.250404206242197613e-01,3.467231458084541806e+00
6.673613245187084431e-01,-6.084028807115128279e-01
3.695699377640933481e+00,-2.344250716413793789e+00
5.800935404254977001e+00,6.578224410308218140e+00
5.124367582890649864e+00,6.916146184808551034e+00
4.092602756379076112e+00,3.529073905461656668e+00
9.001487703460836487e-01,-1.205290737926031586e+00
1.084395970091787564e+00,-1.668766781000460275e+00
2.468690460803188103e+00,-2.104346109853978339e-02
-8.370655241413627934e+00,3.034092503805267960e+00
5.042571009661287462e+00,7.105906749301933445e+00
-7.940459833680952428e+00,4.141222913815781226e+00
-4.947892800692823001e-01,2.776915856127601945e+00
-2.017186890346421180e+00,3.163213145655518588e+00
-1.240845249321061022e-01,-1.907391594863989959e-01
3.170486857167422290e+00,1.744242961977700679e+00
4.275598559258544817e+00,8.499566157683531742e+00
1.578765185487374989e+00,3.681744283047089894e+00
-8.144694296039189041e+00,2.588502703650940262e+00
1.621355181167056125e+00,3.384193323525248598e+00
3.343928105250603355e+00,9.267160203991917200e+00
9.924360944666335005e-01,-1.857558767130077948e+00
1.864598223874340377e+00,-1.060721087985970090e+00
-5.060762819288235015e+00,2.334624572984447699e+00
-8.099333611392868448e+00,3.399614527858831892e+00
-5.816862693258717520e-01,-4.256995078815235090e+00
4.715993125760173044e+00,7.385143678068389228e+00
-5.306761363641295803e-01,1.367546686191102978e+00
4.038035638478163492e+00,-4.435729078291553051e+00
-1.424184325729175526e+00,1.628103679887530797e+00
-2.606949309932298231e-01,-4.448610299834342974e-01
-2.895259556951532698e-01,7.738676005472608921e-01
-6.786312413267313604e-01,1.396409562410808602e-01
2.165543976902208900e-01,-4.418991490552095058e+00
4.815178432662102770e-01,-4.610715900215001106e+00
-2.943508990858910046e+00,4.608449047377770613e-01
-3.312902167227126604e+00,1.570596967055677418e+00
-2.412920336596031667e+00,3.387304970083947264e+00
8.711942823276861425e-01,5.607414680917303107e-01
-2.442234498465051917e+00,1.314686910615540993e+00
4.258486670713193534e-01,-2.924527504233245701e+00
2.475916067635400619e+00,-2.227521850885010313e+00
-2.626702660813087675e+00,1.166931363821033907e+00
-2.259100008169150797e+00,1.203001793788005536e+00
-1.550799348962940138e+00,1.452537947515453842e+00
-2.272094414395920747e+00,1.751984215474944095e+00
-5.565522048064754923e-01,-2.339541219179508968e-01
4.088687438012370556e-01,3.085686932619454037e+00
6.762697243990516416e-01,2.337946094292770116e+00
-1.862581670443128612e+00,1.258606482845935126e+00
-1.658571225758150636e+00,1.252475979145992735e+00
-1.270409517953520639e+00,1.130431254286077936e+00
-7.691436039207210085e-01,-2.676374543199177003e-01
-2.127521196345472099e+00,1.974255029376188464e+00
-6.813931344111179289e-01,2.678273354588612598e+00
-2.035431171549318741e+00,8.171194173183502496e-01
-2.689870962301480262e+00,2.646918988537309225e+00
-3.012053140453307520e+00,2.483870826218496752e+00
-1.991960472099302493e+00,8.621399113959333782e-01
-1.352913992722364789e+00,-2.560351985285358012e+00
-4.153708083728562706e+00,5.001029573667417516e+00
-3.444931486567440082e+00,4.054142996927097009e+00
-3.087329082694910021e+00,6.313479958126676728e+00
-3.670587322978707601e+00,6.538127312610450659e+00
-4.280960335643635872e+00,2.290052563590720069e+00
-2.674447092675795723e+00,5.319499693095384174e+00
-2.689800935052029551e+00,4.641139431138181060e+00
-2.602494354142190325e+00,4.035475484321445094e+00
-2.839618986549682589e+00,4.113858813771609668e+00
-2.916592106355558212e+00,4.432293860556162812e+00
-2.584276102694722521e+00,5.224743447830815235e-02
-3.135882591617675352e+00,7.198859173923479737e+00
-4.473101908878192035e+00,7.123438585596389316e+00
-2.676618973787071809e+00,6.439050483812686743e+00
-2.002884954538667994e+00,2.300921241759455338e+00
-1.857227995475665860e+00,2.112265304025610302e+00
-3.445818041736861570e+00,3.579637523895037088e+00
-2.010032897578357680e+00,1.910298552187844612e+00
-8.410697576696395394e-01,-8.199917198623286607e-01
6.382956455555588438e-01,-3.821074055258599778e+00
-7.754002265876531741e-01,-3.231776876016936750e+00
-2.796119332762648568e+00,3.564053266123676789e+00
-3.373609617358883650e+00,2.951950090064912491e+00
-3.374305718065991666e+00,3.305870893710003866e+00
-3.959990530478674220e+00,2.443895258182676944e+00
-3.937216178145918288e+00,5.941337042685357339e+00
-3.365383374138535277e+00,7.365460219306978473e+00
-2.437942319116201517e+00,1.857308734857463506e+00
-3.589284154345048883e+00,3.011800605336813597e+00
-1.793337316094153699e+00,1.798194483808647215e+00
-1.049660079894305209e+00,-2.051618982834614080e+00
-1.776845571541503688e+00,-5.133160943329605486e-01
-1.868839435680327954e+00,-1.049652440497658823e+00
-1.531331867393032287e+00,-2.278446209630927921e+00
3.958113180666993913e-01,-2.846829156537002525e+00
-3.628241092697808590e+00,-9.796974405050584700e-01
-2.254856483171251202e+00,-3.975994893670632968e-01
-1.227353923862939622e+00,-1.799096034031301361e+00
2.157648030427330721e-01,-1.981476373052168061e+00
-1.402923650463561989e-01,-8.839210339402572281e-01
-2.144749731806146809e+00,1.058705866493939496e+00
4.422505654252578688e-01,-2.750597014740425728e+00
-9.448030025188717262e-01,-1.922956344252945218e-02
-2.784248006081301963e+00,-1.329235309298653300e+00
-3.029905960874390125e+00,-1.231602317973653715e+00
-7.791779552266401287e-01,-2.272210132000271443e+00
-2.404408893249517565e+00,-3.955785185696353845e-01
-1.372786496989749860e+00,-3.141393874115369300e+00
-6.179237548464898699e-01,-1.435035748179161352e+00
1.034078988201473370e+00,-5.433075901837313815e+00
1.656601228532881720e+00,3.806507629485421429e+00
-2.839408967277628815e+00,4.782715200461042038e+00
-3.357744367949572872e+00,4.968018669858421887e+00
-1.106617851179643619e+00,3.670471838512077145e+00
-2.369961088273803806e+00,2.211136816581225961e+00
2.504250339445238005e+00,-2.376365626803298881e+00
-2.022237953340107808e+00,5.632487047697877891e+00
-3.664779296563296818e+00,4.389578249963484780e+00
-3.755495217402761821e+00,1.863700171219485391e+00
-3.838783446925531972e+00,5.385733224850407730e+00
-2.835931004871506733e+00,4.662034088315170521e+00
-1.003350899362225324e+00,-5.156869582798492280e-01
2.314352199685735467e+00,-1.648025837228606294e+00
-3.763212735938477049e+00,4.309449790033216487e+00
-2.121507734588753191e+00,4.861302294130452673e+00
1.358347505635526087e+00,6.860125073516677441e-01
3.055765858528250445e-01,-6.448696236170865514e-01
9.493398586474899314e-01,-1.989176835272759847e-01
1.676411917669931473e+00,-2.189242630576272219e+00
-2.821515078388936004e+00,2.186634529846837260e+00
4.141423016738889018e+00,1.822671524651583885e+00
-3.825889456173874326e+00,1.410173808392950034e+00
1.941024780431367946e-01,6.408010498760937645e-01
2.767456433897994561e+00,3.561981357455674679e+00
-3.891000121481234419e+00,9.092914568507604045e-02
1.665350136513619850e+00,-9.825030395860523402e-01
2.546350863202786030e+00,-2.058424270870161443e+00
1.386822327780720565e+00,4.257844345030008526e+00
-3.828202871127299733e+00,-8.225132485131574078e-02
1.298373057378003681e+00,4.127771571423345165e+00
2.211562951441809588e+00,-1.318527443102409213e+00
2.695600889974538172e-01,-9.629879677493476953e-01
-6.936839150257939624e-01,-9.723717097855635316e-01
8.505045293889919311e-02,-2.359026922673100213e+00
-4.700000978112448546e-01,-2.747398269455868292e+00
-1.609498117842034670e+00,-3.004001141109950090e+00
1.604981893886434086e-01,-3.984132618665688685e+00
-1.658217728991718376e+00,-2.100006938757008612e+00
-2.724580187506824847e-01,-1.161027051173681768e+00
-7.849369570438621269e-01,-9.783259322457159568e-01
-1.203892822454331046e+00,3.253177348565795546e-01
-2.444124858240711351e+00,5.832273173616607798e-01
-1.774629670215937649e+00,1.362006573874307680e+00
-2.553853510878237643e+00,-8.867104531728522976e-02
-9.769949178010353119e-01,-1.754405516618235295e+00
-9.041108384036138368e-01,5.498308155758945936e+00
-2.583892672117189981e+00,2.399422873598793249e+00
-4.372314950894119479e-01,-2.472924866625922369e-01
-3.149204491983384369e+00,4.114584850059807231e+00
1.356523413210536155e+00,2.325670547938628374e+00
-5.951921024896966728e-01,-2.026739343916337699e+00
-2.682556990546825393e+00,-2.324639981334750249e+00
4.059735715685206969e+00,-1.005129557770855664e+00
-1.219363307927526563e+00,-3.204903675224884729e+00
-2.893792647900452764e+00,-9.868742187482684169e-01
-6.234174251975693748e-01,-7.614990322354430186e-01
1.715860661709842416e+00,-2.033286413711988261e-01
-4.416199105210340647e+00,1.004707052128372691e-01
-3.079210428252014964e+00,1.642662995010659988e-01
-2.192538402588747992e+00,2.118258852731270958e-01
-4.020033154002027764e+00,1.943648399005954153e-01
5.580623703592875184e-01,-5.399931880299794429e+00
7.463999459538231962e-01,-2.289378258462126059e+00
1.041164725995054496e+00,-2.950967833710410826e+00
9.723146161379002672e-01,-2.932656847021326119e+00
9.711741276848115945e-01,-2.306648909329711561e+00
2.323016005165597087e-01,-4.327738513690162492e+00
4.635856712640865629e-01,-4.594113590996038887e+00
-1.195501825498963777e+00,-4.309975221874866591e+00
-8.900886209318314979e-01,-4.233095877155210296e+00
8.195501311644537434e-01,-1.954521984250401356e+00
-3.093625868748340335e-01,-4.150702052843884715e+00
7.643578001985386061e-01,-1.343649268665902063e+00
-1.196034491203161965e+00,-7.703473492554336888e-01
4.537724859684945100e-01,-4.369442318604293440e+00
-1.195501825498963555e+00,-4.309975221874866591e+00
-4.849271825017262283e-01,-3.291111183338316870e+00
7.645872266557013353e-01,-2.760563295656133231e+00
1.989748817877797560e+00,-2.966924150756703599e-02
2.460645744232618615e+00,1.273283797809059203e+00
1.680779716497202703e+00,5.988968479197994688e-01
1.715777438738825822e+00,-3.147642307743768963e+00
-2.362524788390640007e-01,-2.931105401445981418e+00
1.334143366932477814e+00,-2.076035890899486702e+00
9.591054465251852568e-01,-2.634519184961351179e+00
-3.313450135776521144e-01,-4.224426250933997373e+00
-7.015793762481963014e-02,-4.299767133124515084e+00
1.906864564563730546e-01,-4.424194358828072993e+00
4.635856712640774036e-01,-4.594113590996038887e+00
-1.195501825498962889e+00,-4.309975221874866591e+00
4.289476719085710599e+00,-4.398059727893129711e+00
-1.066433603719158407e+00,8.363371401368072000e+00
-1.042791110645452379e+00,4.124807872503311046e+00
-1.140288361940614781e+00,7.546718256921135293e+00
1.923784974384709745e+00,3.907912490607540423e+00
-1.200519313089145168e+00,1.109262457119336354e+01
2.261338506675901971e+00,3.903502211635450525e+00
4.364829436320674105e-01,2.195208198035627944e+00
-2.135337329783131732e+00,6.616762195177649630e+00
-1.936107363790569913e+00,6.750182962756640315e+00
-2.080321805419768744e+00,6.852113346907724001e+00
-1.073458905163878541e+00,5.990758093227498193e+00
2.120461006108052437e+00,3.701472919714016818e+00
-1.266551163848313566e+00,6.203093198745492920e+00
-3.539250667593449307e-01,4.287357869570923796e+00
8.898091131529931586e-01,1.825022854059698219e+00
-1.838997688648667639e+00,8.495266800548284536e+00
-2.700996554331808741e-01,3.482768611684472493e+00
8.576197636774079980e-01,8.791689788852684595e-01
-4.958846712098211817e+00,1.162828065011182765e+01
-1.189605030433541266e+00,1.304480303184850865e+00
-5.868579282141851428e-01,-1.847096802520770353e+00
1.362332138573280282e+00,1.929019061973188176e+00
-1.424020598835314066e+00,5.919241993731381157e+00
-1.688975073867049703e+00,2.779689498706467532e+00
-2.230779249810364462e+00,7.800214867352226911e+00
2.823071114967990458e-01,4.491613316050547589e+00
2.131498671221446095e+00,1.977205863873051861e+00
-1.940993197364404566e+00,6.929000931178361355e+00
6.298738356652001658e-01,1.586838043321687097e+00
-2.081999033763860307e+00,7.903453651605478747e+00
4.278525739337767364e-01,-1.833216041858180545e-01
